-- phpMyAdmin SQL Dump
-- version 5.0.2
-- https://www.phpmyadmin.net/
--
-- Host: 127.0.0.1
-- Generation Time: Oct 01, 2020 at 06:45 AM
-- Server version: 10.4.11-MariaDB
-- PHP Version: 7.2.30

SET SQL_MODE = "NO_AUTO_VALUE_ON_ZERO";
START TRANSACTION;
SET time_zone = "+00:00";


/*!40101 SET @OLD_CHARACTER_SET_CLIENT=@@CHARACTER_SET_CLIENT */;
/*!40101 SET @OLD_CHARACTER_SET_RESULTS=@@CHARACTER_SET_RESULTS */;
/*!40101 SET @OLD_COLLATION_CONNECTION=@@COLLATION_CONNECTION */;
/*!40101 SET NAMES utf8mb4 */;

--
-- Database: `webdesa`
--

-- --------------------------------------------------------

--
-- Table structure for table `admin`
--

CREATE TABLE `admin` (
  `id` int(11) NOT NULL,
  `nama` varchar(50) NOT NULL,
  `foto` varchar(300) DEFAULT NULL,
  `email` varchar(50) NOT NULL,
  `password` varchar(50) NOT NULL,
  `hak_akses` int(11) NOT NULL,
  `status` enum('0','1') NOT NULL DEFAULT '1'
) ENGINE=InnoDB DEFAULT CHARSET=latin1;

--
-- Dumping data for table `admin`
--

INSERT INTO `admin` (`id`, `nama`, `foto`, `email`, `password`, `hak_akses`, `status`) VALUES
(1, 'admin', NULL, 'admin@webdesa.id', '25ed1bcb423b0b7200f485fc5ff71c8e', 1, '1');

-- --------------------------------------------------------

--
-- Table structure for table `agenda`
--

CREATE TABLE `agenda` (
  `id` int(11) NOT NULL,
  `agenda` varchar(200) NOT NULL,
  `deskripsi` text NOT NULL,
  `gambar` varchar(300) DEFAULT NULL,
  `tempat` varchar(50) NOT NULL,
  `tanggal` date NOT NULL,
  `jam_mulai` varchar(20) NOT NULL,
  `jam_selesai` varchar(20) NOT NULL,
  `status` enum('0','1') NOT NULL DEFAULT '1'
) ENGINE=InnoDB DEFAULT CHARSET=latin1;

--
-- Dumping data for table `agenda`
--

INSERT INTO `agenda` (`id`, `agenda`, `deskripsi`, `gambar`, `tempat`, `tanggal`, `jam_mulai`, `jam_selesai`, `status`) VALUES
(1, 'Sosialisasi dan pendidikan pemili disabilitas ', 'Ah, aku seorang pemuda yang bodoh, pemuda yang selalu saja menangisi setiap kejadian yang aku hadapi.', '/skpd3/assets/konten/files/thum_berita/070054300_1540466177-Pemilu_2019.jpg', 'SLMN Sumbawa', '2019-07-29', '12:00', '00:00', '1'),
(2, 'Buka Bersama Alumni dan Calon Wisudawan', 'Seperti ini kah kehidupan yang aku jalani ini. aku resah dengan semua ini', '/skpd3/assets/konten/files/galeri/8957d251b0d0605.jpg', 'Taman Mangga', '2019-07-29', '21:00', '23:00', '1');

-- --------------------------------------------------------

--
-- Table structure for table `balas_bukutamu`
--

CREATE TABLE `balas_bukutamu` (
  `id` int(11) NOT NULL,
  `id_bukutamu` int(11) NOT NULL,
  `balasan` text NOT NULL,
  `waktu` datetime NOT NULL
) ENGINE=InnoDB DEFAULT CHARSET=latin1;

-- --------------------------------------------------------

--
-- Table structure for table `balas_pengaduan`
--

CREATE TABLE `balas_pengaduan` (
  `id` int(11) NOT NULL,
  `id_pengaduan` int(11) NOT NULL,
  `balasan` text NOT NULL,
  `waktu` datetime NOT NULL
) ENGINE=InnoDB DEFAULT CHARSET=latin1;

-- --------------------------------------------------------

--
-- Table structure for table `berita`
--

CREATE TABLE `berita` (
  `id` int(11) NOT NULL,
  `judul` varchar(200) NOT NULL,
  `deskripsi` text NOT NULL,
  `isi` text NOT NULL,
  `penulis` varchar(50) NOT NULL,
  `status` enum('1','0') NOT NULL DEFAULT '1',
  `thumb` varchar(200) NOT NULL,
  `date` char(10) NOT NULL,
  `date_edit` char(10) DEFAULT NULL,
  `hits` int(11) NOT NULL
) ENGINE=InnoDB DEFAULT CHARSET=latin1;

--
-- Dumping data for table `berita`
--

INSERT INTO `berita` (`id`, `judul`, `deskripsi`, `isi`, `penulis`, `status`, `thumb`, `date`, `date_edit`, `hits`) VALUES
(10, 'Realisasi Pendapatan Kabupaten Sumbawa Tahun 2018', 'Rincian Realisasi Pendapatan Daerah Kabupaten Sumbawa Tahun 2018', '<p>-</p>\r\n', 'Nurul Fairus Sutarti, SE', '0', '/skpd2/assets/konten/files/thum_berita/4.jpg', '2019-05-08', '2019-05-05', 32);

-- --------------------------------------------------------

--
-- Table structure for table `bukutamu`
--

CREATE TABLE `bukutamu` (
  `id` int(11) NOT NULL,
  `nama` varchar(200) NOT NULL,
  `email` varchar(200) NOT NULL,
  `judul` varchar(200) NOT NULL,
  `pesan` text NOT NULL,
  `tanggal` date NOT NULL,
  `status` int(11) NOT NULL DEFAULT 0
) ENGINE=InnoDB DEFAULT CHARSET=latin1;

-- --------------------------------------------------------

--
-- Table structure for table `download`
--

CREATE TABLE `download` (
  `id` int(11) NOT NULL,
  `nama` varchar(100) NOT NULL,
  `file` varchar(500) DEFAULT NULL,
  `link_file` varchar(500) DEFAULT NULL
) ENGINE=InnoDB DEFAULT CHARSET=latin1;

--
-- Dumping data for table `download`
--

INSERT INTO `download` (`id`, `nama`, `file`, `link_file`) VALUES
(1, 'Pemeriksaan poliklinik oleh dokter umum', '/skpd2/assets/konten/files/file/BRN3C2AF410FF15_20190103_123254_020557.pdf', '');

-- --------------------------------------------------------

--
-- Table structure for table `dusun`
--

CREATE TABLE `dusun` (
  `id` int(11) NOT NULL,
  `nama` varchar(100) NOT NULL,
  `kadus` int(11) DEFAULT NULL,
  `rw` int(11) NOT NULL,
  `rt` int(11) NOT NULL
) ENGINE=InnoDB DEFAULT CHARSET=latin1;

--
-- Dumping data for table `dusun`
--

INSERT INTO `dusun` (`id`, `nama`, `kadus`, `rw`, `rt`) VALUES
(4, 'JOROK', 0, 1, 3),
(5, 'BATU BAYANG', 0, 1, 3),
(6, 'GANINGGARA', 0, 1, 4);

-- --------------------------------------------------------

--
-- Table structure for table `foto`
--

CREATE TABLE `foto` (
  `id` int(11) NOT NULL,
  `id_kategori_foto` int(11) NOT NULL,
  `judul` varchar(100) NOT NULL,
  `foto` varchar(225) NOT NULL
) ENGINE=InnoDB DEFAULT CHARSET=latin1;

--
-- Dumping data for table `foto`
--

INSERT INTO `foto` (`id`, `id_kategori_foto`, `judul`, `foto`) VALUES
(16, 10, 'Operasi Katarak', '/assets/konten/files/kegiatan/54207539_397410610807928_6640382506086432768_n.jpg'),
(17, 12, 'd', '/skpd2/assets/konten/files/thum_berita/070054300_1540466177-Pemilu_2019.jpg'),
(18, 15, 'kj', '/skpd2/assets/konten/files/galeri/8957d251b0d0605.jpg'),
(19, 16, 'njkh', '/skpd2/assets/konten/files/thum_berita/bg.JPG');

-- --------------------------------------------------------

--
-- Table structure for table `harga_tingkat`
--

CREATE TABLE `harga_tingkat` (
  `id` int(11) NOT NULL,
  `harga_tingkat` varchar(200) NOT NULL,
  `status` int(11) NOT NULL
) ENGINE=InnoDB DEFAULT CHARSET=latin1;

-- --------------------------------------------------------

--
-- Table structure for table `info`
--

CREATE TABLE `info` (
  `id` int(11) NOT NULL,
  `id_kategori` int(11) NOT NULL,
  `judul` varchar(100) NOT NULL,
  `isi` text NOT NULL,
  `status` int(11) NOT NULL DEFAULT 1
) ENGINE=InnoDB DEFAULT CHARSET=latin1;

--
-- Dumping data for table `info`
--

INSERT INTO `info` (`id`, `id_kategori`, `judul`, `isi`, `status`) VALUES
(1, 3, 'Badan Permusyawaratan Desa (BPD)', '<p>Badan Permusyawaratan Desa&nbsp;(<strong>BPD</strong>) merupakan lembaga perwujudan demokrasi dalam penyelenggaraan&nbsp;<a href=\"https://id.wikipedia.org/wiki/Desa\" style=\"text-decoration-line: none; color: rgb(11, 0, 128); background: none;\" title=\"Desa\">pemerintahan desa</a>. BPD dapat dianggap sebagai &quot;parlemen&quot;-nya desa. BPD merupakan lembaga baru di desa pada era otonomi daerah di Indonesia.</p>\r\n\r\n<p>Anggota BPD adalah wakil dari penduduk desa bersangkutan berdasarkan keterwakilan wilayah yang ditetapkan dengan cara musyawarah dan mufakat. Anggota BPD terdiri dari Ketua&nbsp;<a class=\"mw-redirect\" href=\"https://id.wikipedia.org/wiki/Rukun_Warga\" style=\"text-decoration-line: none; color: rgb(11, 0, 128); background: none;\" title=\"Rukun Warga\">Rukun Warga</a>, pemangku adat, golongan profesi, pemuka agama dan tokoh atau pemuka masyarakat lainnya. Masa jabatan anggota BPD adalah 6 tahun dan dapat diangkat/diusulkan kembali untuk 1 kali masa jabatan berikutnya. Pimpinan dan Anggota BPD tidak diperbolehkan merangkap jabatan sebagai Kepala Desa dan Perangkat Desa.</p>\r\n\r\n<p>Peresmian anggota BPD ditetapkan dengan Keputusan&nbsp;<a href=\"https://id.wikipedia.org/wiki/Bupati\" style=\"text-decoration-line: none; color: rgb(11, 0, 128); background: none;\" title=\"Bupati\">Bupati</a>/<a href=\"https://id.wikipedia.org/wiki/Wali_kota\" style=\"text-decoration-line: none; color: rgb(11, 0, 128); background: none;\" title=\"Wali kota\">Wali kota</a>, di mana sebelum memangku jabatannya mengucapkan sumpah/janji secara bersama-sama dihadapan masyarakat dan dipandu oleh Bupati/ Wali kota.</p>\r\n\r\n<p>Ketua BPD dipilih dari dan oleh anggota BPD secara langsung dalam Rapat BPD yang diadakan secara khusus. BPD berfungsi menetapkan&nbsp;<a class=\"mw-redirect\" href=\"https://id.wikipedia.org/wiki/Peraturan_Desa\" style=\"text-decoration-line: none; color: rgb(11, 0, 128); background: none;\" title=\"Peraturan Desa\">Peraturan Desa</a>&nbsp;bersama&nbsp;<a class=\"mw-redirect\" href=\"https://id.wikipedia.org/wiki/Kepala_Desa\" style=\"text-decoration-line: none; color: rgb(11, 0, 128); background: none;\" title=\"Kepala Desa\">Kepala Desa</a>, menampung dan menyalurkan aspirasi masyarakat.</p>\r\n\r\n<p><strong>Wewenang BPD antara lain:</strong></p>\r\n\r\n<ul>\r\n	<li>Membahas rancangan peraturan desa bersama Kepala Desa</li>\r\n	<li>Melaksanakan pengawasan terhadap pelaksanaan Peraturan Desa dan Peraturan Kepala Desa</li>\r\n	<li>Mengusulkan pengangkatan dan pemberhentian Kepala Desa</li>\r\n	<li>Membentuk panitia pemilihan Kepala Desa</li>\r\n	<li>Menggali,menampung, menghimpun, merumuskan dan menyalurkan aspirasi masyarakat; dan</li>\r\n</ul>\r\n\r\n<p>Penggunaan nama/istilah BPD tidak harus seragam pada seluruh desa di Indonesia, dan dapat disebut dengan nama lain.</p>\r\n\r\n<p><strong>BPD mempunyai hak:</strong></p>\r\n\r\n<p>a. Meminta keterangan kepada Pemerintah Desa;</p>\r\n\r\n<p>b. Menyatakan pendapat.</p>\r\n\r\n<p><strong>Anggota BPD mempunyai hak:</strong></p>\r\n\r\n<p>a. Mengajukan rancangan Peraturan Desa;</p>\r\n\r\n<p>b. Mengajukan pertanyaan;</p>\r\n\r\n<p>c. Menyampaikan usul dan pendapat;</p>\r\n\r\n<p>d. Memilih dan dipilih; dan</p>\r\n\r\n<p>e. Memperoleh tunjangan.</p>\r\n\r\n<p><strong>KEANGGOTAAN</strong></p>\r\n\r\n<p>(1) Anggota BPD adalah wakil dari penduduk Desa yang bersangkutan berdasarkan keterwakilan wilayah yang ditetapkan dengan cara musyawarah dan mufakat;</p>\r\n\r\n<p>(2) Anggota BPD terdiri dari Ketua RT/RW, golongan profesi, pemuka agama dan tokoh atau pemuka masyarakat;</p>\r\n\r\n<p>(3) Anggota BPD setiap Desa berjumlah gasal dengan jumlah sesuai ketentuan yang berlaku;</p>\r\n', 1);

-- --------------------------------------------------------

--
-- Table structure for table `kategori`
--

CREATE TABLE `kategori` (
  `id` int(11) NOT NULL,
  `kategori` varchar(50) NOT NULL
) ENGINE=InnoDB DEFAULT CHARSET=latin1;

--
-- Dumping data for table `kategori`
--

INSERT INTO `kategori` (`id`, `kategori`) VALUES
(1, 'Pajak Hotel'),
(2, 'Pajak Restoran'),
(3, 'Pajak HIburan'),
(4, 'Pajak Reklame'),
(5, 'Pajak Penerangan Jalan'),
(6, 'Pajak Parkir'),
(7, 'Pajak Air Tanah'),
(8, 'Pajak Sarang Burung Walet'),
(9, 'Pajak Mineral Bukan Logam dan Batuan'),
(10, 'Pajak Bumi dan Bangunan Perdesaan dan Perkotaan'),
(11, 'Bea Perolehan Hak Atas Tanah dan Bangunan'),
(12, 'Retribusi Pelayanan Persampahan/Kebersihan'),
(13, 'Retribusi Pelayanan Pasar'),
(14, 'Retribusi Pemakaian Kekayaan Daerah'),
(15, 'Retribusi Pasar Grosir/Pertokoan'),
(16, 'Retribusi Tempat Penginapan/Pesanggarahan/Villa'),
(17, 'Bagian Laba atas Penyertaan Modal pada Perusahaan '),
(18, 'Penerimaan Jasa Giro'),
(19, 'Pendapatan Bunga Deposito'),
(20, 'Tuntutan Ganti Kerugian Daerah'),
(21, 'Pendapatan Denda Keterlambatan Pelaksanaan Pekerja'),
(22, 'Pendapatan Dari Pengembalian'),
(23, 'Dana Bagi Hasil Pajak Dari Provinsi'),
(24, 'Dana Penyesuaian'),
(25, 'Bantuan Keuangan Dari Provinsi'),
(26, 'Pendapatan Lainnya');

-- --------------------------------------------------------

--
-- Table structure for table `kategori_foto`
--

CREATE TABLE `kategori_foto` (
  `id` int(11) NOT NULL,
  `kategori` varchar(50) NOT NULL
) ENGINE=InnoDB DEFAULT CHARSET=latin1;

--
-- Dumping data for table `kategori_foto`
--

INSERT INTO `kategori_foto` (`id`, `kategori`) VALUES
(12, 'Kegiatan Out Bound Forum Anak Samawa'),
(15, 'FAS terlibat pada Musrenbang Kabupaten Sumbawa'),
(16, 'Aku Cinta Kamu'),
(17, 'mmm');

-- --------------------------------------------------------

--
-- Table structure for table `kategori_info`
--

CREATE TABLE `kategori_info` (
  `id` int(11) NOT NULL,
  `kategori` varchar(100) NOT NULL,
  `status` int(11) NOT NULL DEFAULT 1
) ENGINE=InnoDB DEFAULT CHARSET=latin1;

--
-- Dumping data for table `kategori_info`
--

INSERT INTO `kategori_info` (`id`, `kategori`, `status`) VALUES
(3, 'RENJA', 1),
(5, 'RENSTRA', 1),
(6, 'LKjIP', 1),
(7, 'Perjanjian Kinerja', 1);

-- --------------------------------------------------------

--
-- Table structure for table `kategori_peta`
--

CREATE TABLE `kategori_peta` (
  `id` int(11) NOT NULL,
  `kategori` varchar(50) NOT NULL
) ENGINE=InnoDB DEFAULT CHARSET=latin1;

--
-- Dumping data for table `kategori_peta`
--

INSERT INTO `kategori_peta` (`id`, `kategori`) VALUES
(12, 'Kegiatan Out Bound Forum Anak Samawa'),
(15, 'FAS terlibat pada Musrenbang Kabupaten Sumbawa'),
(16, 'Aku Cinta Kamu');

-- --------------------------------------------------------

--
-- Table structure for table `link`
--

CREATE TABLE `link` (
  `id` int(11) NOT NULL,
  `judul` varchar(100) NOT NULL,
  `link` varchar(300) NOT NULL,
  `foto` varchar(300) NOT NULL
) ENGINE=InnoDB DEFAULT CHARSET=latin1;

--
-- Dumping data for table `link`
--

INSERT INTO `link` (`id`, `judul`, `link`, `foto`) VALUES
(14, 'b', 'b', '/skpd2/assets/konten/files/logo/link.jpg'),
(15, 'n', 'n', '/skpd2/assets/konten/files/logo/link.jpg'),
(16, 'kj', 'kj', '/skpd2/assets/konten/files/logo/link.jpg'),
(17, 'n', 'n', '/skpd2/assets/konten/files/logo/link.jpg'),
(18, 'o', 'o', '/skpd2/assets/konten/files/logo/link.jpg'),
(19, 'n', 'n', '/skpd2/assets/konten/files/logo/link.jpg'),
(20, 'jm', 'j', '/skpd2/assets/konten/files/logo/link.jpg');

-- --------------------------------------------------------

--
-- Table structure for table `nilai`
--

CREATE TABLE `nilai` (
  `id` int(11) NOT NULL,
  `id_pajak` int(11) NOT NULL,
  `bulan` int(11) NOT NULL,
  `tahun` int(4) NOT NULL,
  `nilai` int(50) NOT NULL
) ENGINE=InnoDB DEFAULT CHARSET=latin1;

--
-- Dumping data for table `nilai`
--

INSERT INTO `nilai` (`id`, `id_pajak`, `bulan`, `tahun`, `nilai`) VALUES
(1, 1, 1, 2018, 0),
(2, 2, 1, 2018, 8573169),
(3, 3, 1, 2018, 1468500),
(4, 4, 1, 2018, 34452683),
(5, 5, 1, 2018, 24819106),
(6, 6, 1, 2018, 1600500),
(7, 7, 1, 2018, 4360000),
(8, 8, 1, 2018, 14487843),
(9, 9, 1, 2018, 148617089),
(10, 10, 1, 2018, 0),
(11, 11, 1, 2018, 62162625),
(12, 12, 1, 2018, 969334769),
(13, 13, 1, 2018, 6753536),
(14, 14, 1, 2018, 5298474),
(15, 15, 1, 2018, 0),
(16, 16, 1, 2018, 9223860),
(17, 17, 1, 2018, 45207965),
(18, 18, 1, 2018, 27108632),
(19, 19, 1, 2018, 49737160),
(20, 20, 1, 2018, 9699940),
(21, 21, 1, 2018, 19872316),
(22, 22, 1, 2018, 26905220),
(23, 23, 1, 2018, 21601566),
(24, 24, 1, 2018, 31308469),
(25, 25, 1, 2018, 161304856),
(26, 26, 1, 2018, 30601500),
(27, 27, 1, 2018, 684000),
(28, 28, 1, 2018, 36000),
(29, 29, 1, 2018, 680000),
(30, 30, 1, 2018, 312000),
(31, 31, 1, 2018, 0),
(32, 32, 1, 2018, 0),
(33, 33, 1, 2018, 0),
(34, 34, 1, 2018, 0),
(35, 35, 1, 2018, 4712000),
(36, 36, 1, 2018, 64000),
(37, 37, 1, 2018, 12000),
(38, 38, 1, 2018, 240000),
(39, 39, 1, 2018, 84000),
(40, 40, 1, 2018, 5469000),
(41, 41, 1, 2018, 120000),
(42, 42, 1, 2018, 0),
(43, 43, 1, 2018, 5000),
(44, 44, 1, 2018, 20000),
(45, 45, 1, 2018, 2799000),
(46, 46, 1, 2018, 1254000),
(47, 47, 1, 2018, 1440000),
(48, 48, 1, 2018, 4304000),
(49, 49, 1, 2018, 312000),
(50, 50, 1, 2018, 375000),
(51, 51, 1, 2018, 136000),
(52, 52, 1, 2018, 3474000),
(53, 53, 1, 2018, 160000),
(54, 54, 1, 2018, 215000),
(55, 55, 1, 2018, 112000),
(56, 56, 1, 2018, 7313000),
(57, 57, 1, 2018, 624000),
(58, 58, 1, 2018, 240000),
(59, 59, 1, 2018, 40000),
(60, 60, 1, 2018, 454844),
(61, 61, 1, 2018, 22500),
(62, 62, 1, 2018, 12000),
(63, 63, 1, 2018, 2939000),
(64, 64, 1, 2018, 128000),
(65, 65, 1, 2018, 110000),
(66, 66, 1, 2018, 10000),
(67, 67, 1, 2018, 50000),
(68, 68, 1, 2018, 61604000),
(69, 69, 1, 2018, 4712000),
(70, 70, 1, 2018, 10621000),
(71, 71, 1, 2018, 3880000),
(72, 72, 1, 2018, 3474000),
(73, 73, 1, 2018, 4304000),
(74, 74, 1, 2018, 2799000),
(75, 75, 1, 2018, 5469000),
(76, 76, 1, 2018, 0),
(77, 77, 1, 2018, 0),
(78, 78, 1, 2018, 454844),
(79, 79, 1, 2018, 6156000),
(80, 80, 1, 2018, 1282500),
(81, 81, 1, 2018, 672000),
(82, 82, 1, 2018, 6552000),
(83, 83, 1, 2018, 1344000),
(84, 84, 1, 2018, 2310000),
(85, 85, 1, 2018, 3276000),
(86, 86, 1, 2018, 9615000),
(87, 87, 1, 2018, 0),
(88, 88, 1, 2018, 300000),
(89, 89, 1, 2018, 100000),
(90, 90, 1, 2018, 0),
(91, 91, 1, 2018, 300000),
(92, 92, 1, 2018, 0),
(93, 93, 1, 2018, 200000),
(94, 94, 1, 2018, 300000),
(95, 95, 1, 2018, 1850000),
(96, 96, 1, 2018, 1053000),
(97, 97, 1, 2018, 301000),
(98, 98, 1, 2018, 18360000),
(99, 99, 1, 2018, 4309200),
(100, 100, 1, 2018, 4320000),
(101, 101, 1, 2018, 1980000),
(102, 102, 1, 2018, 3860325),
(103, 103, 1, 2018, 6733125),
(104, 104, 1, 2018, 7609000),
(105, 105, 1, 2018, 877750),
(106, 106, 1, 2018, 0),
(107, 107, 1, 2018, 90000),
(108, 108, 1, 2018, 403987),
(109, 109, 1, 2018, 2154600),
(110, 110, 1, 2018, 0),
(111, 111, 1, 2018, 4738500),
(112, 112, 1, 2018, 1062768),
(113, 113, 1, 2018, 510000),
(114, 114, 1, 2018, 100000),
(115, 115, 1, 2018, 1417024),
(116, 116, 1, 2018, 1720672),
(117, 117, 1, 2018, 0),
(118, 118, 1, 2018, 200000),
(119, 119, 1, 2018, 151824),
(120, 120, 1, 2018, 0),
(121, 121, 1, 2018, 0),
(122, 122, 1, 2018, 0),
(123, 123, 1, 2018, 277612440),
(124, 124, 1, 2018, 0),
(125, 125, 1, 2018, 0),
(126, 126, 1, 2018, 14347580),
(127, 127, 1, 2018, 0),
(128, 128, 1, 2018, 0),
(129, 129, 1, 2018, 14233657),
(130, 130, 1, 2018, 0),
(131, 131, 1, 2018, 31124681),
(132, 132, 1, 2018, 60624866),
(133, 133, 1, 2018, 0),
(134, 134, 1, 2018, 0),
(135, 135, 1, 2018, 0),
(136, 136, 1, 2018, 0),
(137, 137, 1, 2018, 0),
(138, 138, 1, 2018, 0),
(139, 139, 1, 2018, 0),
(140, 140, 1, 2018, 0),
(141, 141, 1, 2018, 0),
(142, 1, 2, 2018, 263279657),
(143, 2, 2, 2018, 4321926),
(144, 3, 2, 2018, 1357000),
(145, 4, 2, 2018, 33745791),
(146, 5, 2, 2018, 21948141),
(147, 6, 2, 2018, 1192500),
(148, 7, 2, 2018, 2957500),
(149, 8, 2, 2018, 9630151),
(150, 9, 2, 2018, 184513599),
(151, 10, 2, 2018, 0),
(152, 11, 2, 2018, 51900452),
(153, 12, 2, 2018, 927549513),
(154, 13, 2, 2018, 21645800),
(155, 14, 2, 2018, 13817078),
(156, 15, 2, 2018, 0),
(157, 16, 2, 2018, 9768480),
(158, 17, 2, 2018, 54312500),
(159, 18, 2, 2018, 24706746),
(160, 19, 2, 2018, 50454690),
(161, 20, 2, 2018, 11648350),
(162, 21, 2, 2018, 35811464),
(163, 22, 2, 2018, 21346660),
(164, 23, 2, 2018, 5317980),
(165, 24, 2, 2018, 9046924),
(166, 25, 2, 2018, 303735793),
(167, 26, 2, 2018, 26817500),
(168, 27, 2, 2018, 872000),
(169, 28, 2, 2018, 36000),
(170, 29, 2, 2018, 515000),
(171, 30, 2, 2018, 340000),
(172, 31, 2, 2018, 0),
(173, 32, 2, 2018, 0),
(174, 33, 2, 2018, 0),
(175, 34, 2, 2018, 0),
(176, 35, 2, 2018, 3936000),
(177, 36, 2, 2018, 64000),
(178, 37, 2, 2018, 12000),
(179, 38, 2, 2018, 255000),
(180, 39, 2, 2018, 88000),
(181, 40, 2, 2018, 4671000),
(182, 41, 2, 2018, 120000),
(183, 42, 2, 2018, 0),
(184, 43, 2, 2018, 5000),
(185, 44, 2, 2018, 25000),
(186, 45, 2, 2018, 2202000),
(187, 46, 2, 2018, 56000),
(188, 47, 2, 2018, 210000),
(189, 48, 2, 2018, 4369000),
(190, 49, 2, 2018, 312000),
(191, 50, 2, 2018, 375000),
(192, 51, 2, 2018, 140000),
(193, 52, 2, 2018, 3206000),
(194, 53, 2, 2018, 160000),
(195, 54, 2, 2018, 225000),
(196, 55, 2, 2018, 108000),
(197, 56, 2, 2018, 6455000),
(198, 57, 2, 2018, 628000),
(199, 58, 2, 2018, 240000),
(200, 59, 2, 2018, 40000),
(201, 60, 2, 2018, 0),
(202, 61, 2, 2018, 0),
(203, 62, 2, 2018, 0),
(204, 63, 2, 2018, 2585000),
(205, 64, 2, 2018, 160000),
(206, 65, 2, 2018, 95000),
(207, 66, 2, 2018, 15000),
(208, 67, 2, 2018, 50000),
(209, 68, 2, 2018, 53635000),
(210, 69, 2, 2018, 3936000),
(211, 70, 2, 2018, 9527000),
(212, 71, 2, 2018, 3295000),
(213, 72, 2, 2018, 3206000),
(214, 73, 2, 2018, 4369000),
(215, 74, 2, 2018, 2202000),
(216, 75, 2, 2018, 4671000),
(217, 76, 2, 2018, 0),
(218, 77, 2, 2018, 0),
(219, 78, 2, 2018, 0),
(220, 79, 2, 2018, 5886000),
(221, 80, 2, 2018, 2452500),
(222, 81, 2, 2018, 672000),
(223, 82, 2, 2018, 6594000),
(224, 83, 2, 2018, 1680000),
(225, 84, 2, 2018, 1680000),
(226, 85, 2, 2018, 3276000),
(227, 86, 2, 2018, 588000),
(228, 87, 2, 2018, 0),
(229, 88, 2, 2018, 300000),
(230, 89, 2, 2018, 100000),
(231, 90, 2, 2018, 0),
(232, 91, 2, 2018, 300000),
(233, 92, 2, 2018, 0),
(234, 93, 2, 2018, 200000),
(235, 94, 2, 2018, 300000),
(236, 95, 2, 2018, 1350000),
(237, 96, 2, 2018, 1053000),
(238, 97, 2, 2018, 301000),
(239, 98, 2, 2018, 13905000),
(240, 99, 2, 2018, 4578525),
(241, 100, 2, 2018, 4320000),
(242, 101, 2, 2018, 1710000),
(243, 102, 2, 2018, 4039875),
(244, 103, 2, 2018, 6733125),
(245, 104, 2, 2018, 3710000),
(246, 105, 2, 2018, 897750),
(247, 106, 2, 2018, 0),
(248, 107, 2, 2018, 180000),
(249, 108, 2, 2018, 0),
(250, 109, 2, 2018, 2154600),
(251, 110, 2, 2018, 0),
(252, 111, 2, 2018, 5163750),
(253, 112, 2, 2018, 1113376),
(254, 113, 2, 2018, 510000),
(255, 114, 2, 2018, 150000),
(256, 115, 2, 2018, 1366416),
(257, 116, 2, 2018, 1771280),
(258, 117, 2, 2018, 0),
(259, 118, 2, 2018, 200000),
(260, 119, 2, 2018, 0),
(261, 120, 2, 2018, 0),
(262, 121, 2, 2018, 0),
(263, 122, 2, 2018, 0),
(264, 123, 2, 2018, 265120169),
(265, 124, 2, 2018, 0),
(266, 125, 2, 2018, 0),
(267, 126, 2, 2018, 145833333),
(268, 127, 2, 2018, 40767133),
(269, 128, 2, 2018, 0),
(270, 129, 2, 2018, 2596897),
(271, 130, 2, 2018, 0),
(272, 131, 2, 2018, 594779),
(273, 132, 2, 2018, 26293624),
(274, 133, 2, 2018, 0),
(275, 134, 2, 2018, 0),
(276, 135, 2, 2018, 166147500),
(277, 136, 2, 2018, 0),
(278, 137, 2, 2018, 2147483647),
(279, 138, 2, 2018, 0),
(280, 139, 2, 2018, 2147483647),
(281, 140, 2, 2018, 0),
(282, 141, 2, 2018, 0),
(283, 1, 3, 2018, 199902505),
(284, 2, 3, 2018, 5246539),
(285, 3, 3, 2018, 616500),
(286, 4, 3, 2018, 35414172),
(287, 5, 3, 2018, 31155908),
(288, 6, 3, 2018, 1380000),
(289, 7, 3, 2018, 5810000),
(290, 8, 3, 2018, 14124062),
(291, 9, 3, 2018, 183300392),
(292, 10, 3, 2018, 0),
(293, 11, 3, 2018, 99426250),
(294, 12, 3, 2018, 927085391),
(295, 13, 3, 2018, 36695000),
(296, 14, 3, 2018, 19174395),
(297, 15, 3, 2018, 0),
(298, 16, 3, 2018, 26811660),
(299, 17, 3, 2018, 32755965),
(300, 18, 3, 2018, 11799220),
(301, 19, 3, 2018, 37774440),
(302, 20, 3, 2018, 7198345),
(303, 21, 3, 2018, 1612676),
(304, 22, 3, 2018, 10861000),
(305, 23, 3, 2018, 59258822),
(306, 24, 3, 2018, 30307226),
(307, 25, 3, 2018, 589120905),
(308, 26, 3, 2018, 28104000),
(309, 27, 3, 2018, 956000),
(310, 28, 3, 2018, 42000),
(311, 29, 3, 2018, 675000),
(312, 30, 3, 2018, 356000),
(313, 31, 3, 2018, 0),
(314, 32, 3, 2018, 0),
(315, 33, 3, 2018, 0),
(316, 34, 3, 2018, 0),
(317, 35, 3, 2018, 4165500),
(318, 36, 3, 2018, 64000),
(319, 37, 3, 2018, 6000),
(320, 38, 3, 2018, 270000),
(321, 39, 3, 2018, 92000),
(322, 40, 3, 2018, 4789500),
(323, 41, 3, 2018, 120000),
(324, 42, 3, 2018, 0),
(325, 43, 3, 2018, 30000),
(326, 44, 3, 2018, 0),
(327, 45, 3, 2018, 2170500),
(328, 46, 3, 2018, 595000),
(329, 47, 3, 2018, 320000),
(330, 48, 3, 2018, 4455000),
(331, 49, 3, 2018, 312000),
(332, 50, 3, 2018, 375000),
(333, 51, 3, 2018, 140000),
(334, 52, 3, 2018, 4000000),
(335, 53, 3, 2018, 120000),
(336, 54, 3, 2018, 210000),
(337, 55, 3, 2018, 60000),
(338, 56, 3, 2018, 7213000),
(339, 57, 3, 2018, 664000),
(340, 58, 3, 2018, 235000),
(341, 59, 3, 2018, 40000),
(342, 60, 3, 2018, 458620),
(343, 61, 3, 2018, 40000),
(344, 62, 3, 2018, 32000),
(345, 63, 3, 2018, 2865000),
(346, 64, 3, 2018, 160000),
(347, 65, 3, 2018, 115000),
(348, 66, 3, 2018, 15000),
(349, 67, 3, 2018, 50000),
(350, 68, 3, 2018, 56270000),
(351, 69, 3, 2018, 4165500),
(352, 70, 3, 2018, 10691000),
(353, 71, 3, 2018, 3755000),
(354, 72, 3, 2018, 4000000),
(355, 73, 3, 2018, 4455000),
(356, 74, 3, 2018, 2170500),
(357, 75, 3, 2018, 4789500),
(358, 76, 3, 2018, 0),
(359, 77, 3, 2018, 0),
(360, 78, 3, 2018, 458620),
(361, 79, 3, 2018, 6750000),
(362, 80, 3, 2018, 2790000),
(363, 81, 3, 2018, 672000),
(364, 82, 3, 2018, 6972000),
(365, 83, 3, 2018, 1680000),
(366, 84, 3, 2018, 1260000),
(367, 85, 3, 2018, 3276000),
(368, 86, 3, 2018, 5796000),
(369, 87, 3, 2018, 0),
(370, 88, 3, 2018, 300000),
(371, 89, 3, 2018, 0),
(372, 90, 3, 2018, 0),
(373, 91, 3, 2018, 300000),
(374, 92, 3, 2018, 250000),
(375, 93, 3, 2018, 200000),
(376, 94, 3, 2018, 300000),
(377, 95, 3, 2018, 1050000),
(378, 96, 3, 2018, 1228500),
(379, 97, 3, 2018, 150500),
(380, 98, 3, 2018, 18225000),
(381, 99, 3, 2018, 4847850),
(382, 100, 3, 2018, 4230000),
(383, 101, 3, 2018, 2070000),
(384, 102, 3, 2018, 3770550),
(385, 103, 3, 2018, 6733125),
(386, 104, 3, 2018, 5760000),
(387, 105, 3, 2018, 897750),
(388, 106, 3, 2018, 0),
(389, 107, 3, 2018, 180000),
(390, 108, 3, 2018, 646380),
(391, 109, 3, 2018, 2154600),
(392, 110, 3, 2018, 0),
(393, 111, 3, 2018, 4799250),
(394, 112, 3, 2018, 1163984),
(395, 113, 3, 2018, 510000),
(396, 114, 3, 2018, 150000),
(397, 115, 3, 2018, 759120),
(398, 116, 3, 2018, 1771280),
(399, 117, 3, 2018, 0),
(400, 118, 3, 2018, 200000),
(401, 119, 3, 2018, 364377),
(402, 120, 3, 2018, 0),
(403, 121, 3, 2018, 0),
(404, 122, 3, 2018, 0),
(405, 123, 3, 2018, 415821070),
(406, 124, 3, 2018, 92054795),
(407, 125, 3, 2018, 0),
(408, 126, 3, 2018, 135416667),
(409, 127, 3, 2018, 46027397),
(410, 128, 3, 2018, 0),
(411, 129, 3, 2018, 17044524),
(412, 130, 3, 2018, 0),
(413, 131, 3, 2018, 21868724),
(414, 132, 3, 2018, 19140959),
(415, 133, 3, 2018, 2147483647),
(416, 134, 3, 2018, 2147483647),
(417, 135, 3, 2018, 2147483647),
(418, 136, 3, 2018, 40811294),
(419, 137, 3, 2018, 0),
(420, 138, 3, 2018, 2147483647),
(421, 139, 3, 2018, 0),
(422, 140, 3, 2018, 0),
(423, 141, 3, 2018, 0),
(424, 1, 4, 2018, 180510208),
(425, 2, 4, 2018, 8345509),
(426, 3, 4, 2018, 0),
(427, 4, 4, 2018, 43646231),
(428, 5, 4, 2018, 38513794),
(429, 6, 4, 2018, 5615000),
(430, 7, 4, 2018, 5782500),
(431, 8, 4, 2018, 16235173),
(432, 9, 4, 2018, 350808116),
(433, 10, 4, 2018, 0),
(434, 11, 4, 2018, 198694525),
(435, 12, 4, 2018, 941291554),
(436, 13, 4, 2018, 13324900),
(437, 14, 4, 2018, 5141657),
(438, 15, 4, 2018, 0),
(439, 16, 4, 2018, 6517245),
(440, 17, 4, 2018, 62854850),
(441, 18, 4, 2018, 230006320),
(442, 19, 4, 2018, 58067420),
(443, 20, 4, 2018, 3613830),
(444, 21, 4, 2018, 864000),
(445, 22, 4, 2018, 6226235),
(446, 23, 4, 2018, 157279860),
(447, 24, 4, 2018, 311829035),
(448, 25, 4, 2018, 187369700),
(449, 26, 4, 2018, 30584500),
(450, 27, 4, 2018, 788000),
(451, 28, 4, 2018, 48000),
(452, 29, 4, 2018, 585000),
(453, 30, 4, 2018, 476000),
(454, 31, 4, 2018, 0),
(455, 32, 4, 2018, 0),
(456, 33, 4, 2018, 0),
(457, 34, 4, 2018, 0),
(458, 35, 4, 2018, 4534000),
(459, 36, 4, 2018, 64000),
(460, 37, 4, 2018, 12000),
(461, 38, 4, 2018, 255000),
(462, 39, 4, 2018, 88000),
(463, 40, 4, 2018, 5237500),
(464, 41, 4, 2018, 120000),
(465, 42, 4, 2018, 0),
(466, 43, 4, 2018, 60000),
(467, 44, 4, 2018, 0),
(468, 45, 4, 2018, 2617500),
(469, 46, 4, 2018, 176000),
(470, 47, 4, 2018, 235000),
(471, 48, 4, 2018, 4840000),
(472, 49, 4, 2018, 312000),
(473, 50, 4, 2018, 375000),
(474, 51, 4, 2018, 140000),
(475, 52, 4, 2018, 4622500),
(476, 53, 4, 2018, 268000),
(477, 54, 4, 2018, 265000),
(478, 55, 4, 2018, 136000),
(479, 56, 4, 2018, 7225000),
(480, 57, 4, 2018, 688000),
(481, 58, 4, 2018, 240000),
(482, 59, 4, 2018, 40000),
(483, 60, 4, 2018, 0),
(484, 61, 4, 2018, 0),
(485, 62, 4, 2018, 0),
(486, 63, 4, 2018, 2775000),
(487, 64, 4, 2018, 168000),
(488, 65, 4, 2018, 115000),
(489, 66, 4, 2018, 20000),
(490, 67, 4, 2018, 50000),
(491, 68, 4, 2018, 61169000),
(492, 69, 4, 2018, 4534000),
(493, 70, 4, 2018, 10632000),
(494, 71, 4, 2018, 3910000),
(495, 72, 4, 2018, 4622500),
(496, 73, 4, 2018, 4840000),
(497, 74, 4, 2018, 2617500),
(498, 75, 4, 2018, 5237500),
(499, 76, 4, 2018, 0),
(500, 77, 4, 2018, 0),
(501, 78, 4, 2018, 0),
(502, 79, 4, 2018, 6696000),
(503, 80, 4, 2018, 1642500),
(504, 81, 4, 2018, 672000),
(505, 82, 4, 2018, 7224000),
(506, 83, 4, 2018, 1764000),
(507, 84, 4, 2018, 2814000),
(508, 85, 4, 2018, 3276000),
(509, 86, 4, 2018, 1848000),
(510, 87, 4, 2018, 0),
(511, 88, 4, 2018, 300000),
(512, 89, 4, 2018, 0),
(513, 90, 4, 2018, 0),
(514, 91, 4, 2018, 300000),
(515, 92, 4, 2018, 300000),
(516, 93, 4, 2018, 200000),
(517, 94, 4, 2018, 300000),
(518, 95, 4, 2018, 1350000),
(519, 96, 4, 2018, 1404000),
(520, 97, 4, 2018, 301000),
(521, 98, 4, 2018, 15795000),
(522, 99, 4, 2018, 4578525),
(523, 100, 4, 2018, 4320000),
(524, 101, 4, 2018, 2070000),
(525, 102, 4, 2018, 4758075),
(526, 103, 4, 2018, 6733125),
(527, 104, 4, 2018, 4230000),
(528, 105, 4, 2018, 897750),
(529, 106, 4, 2018, 0),
(530, 107, 4, 2018, 360000),
(531, 108, 4, 2018, 0),
(532, 109, 4, 2018, 2154600),
(533, 110, 4, 2018, 0),
(534, 111, 4, 2018, 7229250),
(535, 112, 4, 2018, 1113376),
(536, 113, 4, 2018, 510000),
(537, 114, 4, 2018, 200000),
(538, 115, 4, 2018, 1720672),
(539, 116, 4, 2018, 1771280),
(540, 117, 4, 2018, 0),
(541, 118, 4, 2018, 400000),
(542, 119, 4, 2018, 0),
(543, 120, 4, 2018, 0),
(544, 121, 4, 2018, 0),
(545, 122, 4, 2018, 0),
(546, 123, 4, 2018, 0),
(547, 124, 4, 2018, 445299319),
(548, 125, 4, 2018, 134246274),
(549, 126, 4, 2018, 0),
(550, 127, 4, 2018, 135416667),
(551, 128, 4, 2018, 46027397),
(552, 129, 4, 2018, 0),
(553, 130, 4, 2018, 3920000),
(554, 131, 4, 2018, 0),
(555, 132, 4, 2018, 733780907),
(556, 133, 4, 2018, 0),
(557, 134, 4, 2018, 0),
(558, 135, 4, 2018, 0),
(559, 136, 4, 2018, 0),
(560, 137, 4, 2018, 0),
(561, 138, 4, 2018, 0),
(562, 139, 4, 2018, 0),
(563, 140, 4, 2018, 9575280),
(564, 141, 4, 2018, 0),
(565, 1, 5, 2018, 239361456),
(566, 2, 5, 2018, 13501886),
(567, 3, 5, 2018, 1650750),
(568, 4, 5, 2018, 42999441),
(569, 5, 5, 2018, 32419158),
(570, 6, 5, 2018, 3222000),
(571, 7, 5, 2018, 9347500),
(572, 8, 5, 2018, 18847568),
(573, 9, 5, 2018, 228345526),
(574, 10, 5, 2018, 0),
(575, 11, 5, 2018, 43804275),
(576, 12, 5, 2018, 1019026253),
(577, 13, 5, 2018, 19886100),
(578, 14, 5, 2018, 13627222),
(579, 15, 5, 2018, 0),
(580, 16, 5, 2018, 6673035),
(581, 17, 5, 2018, 32601700),
(582, 18, 5, 2018, 22114680),
(583, 19, 5, 2018, 43108985),
(584, 20, 5, 2018, 7364595),
(585, 21, 5, 2018, 9748104),
(586, 22, 5, 2018, 16306485),
(587, 23, 5, 2018, 353335296),
(588, 24, 5, 2018, 794194744),
(589, 25, 5, 2018, 403162350),
(590, 26, 5, 2018, 30138000),
(591, 27, 5, 2018, 1052000),
(592, 28, 5, 2018, 30000),
(593, 29, 5, 2018, 625000),
(594, 30, 5, 2018, 364000),
(595, 31, 5, 2018, 0),
(596, 32, 5, 2018, 0),
(597, 33, 5, 2018, 0),
(598, 34, 5, 2018, 0),
(599, 35, 5, 2018, 4129000),
(600, 36, 5, 2018, 52000),
(601, 37, 5, 2018, 18000),
(602, 38, 5, 2018, 255000),
(603, 39, 5, 2018, 84000),
(604, 40, 5, 2018, 5030000),
(605, 41, 5, 2018, 85000),
(606, 42, 5, 2018, 0),
(607, 43, 5, 2018, 30000),
(608, 44, 5, 2018, 0),
(609, 45, 5, 2018, 3552000),
(610, 46, 5, 2018, 128000),
(611, 47, 5, 2018, 215000),
(612, 48, 5, 2018, 4860500),
(613, 49, 5, 2018, 312000),
(614, 50, 5, 2018, 375000),
(615, 51, 5, 2018, 140000),
(616, 52, 5, 2018, 4817000),
(617, 53, 5, 2018, 200000),
(618, 54, 5, 2018, 250000),
(619, 55, 5, 2018, 100000),
(620, 56, 5, 2018, 7678500),
(621, 57, 5, 2018, 680000),
(622, 58, 5, 2018, 245000),
(623, 59, 5, 2018, 40000),
(624, 60, 5, 2018, 0),
(625, 61, 5, 2018, 0),
(626, 62, 5, 2018, 0),
(627, 63, 5, 2018, 1434000),
(628, 64, 5, 2018, 0),
(629, 65, 5, 2018, 0),
(630, 66, 5, 2018, 0),
(631, 67, 5, 2018, 50000),
(632, 68, 5, 2018, 60276000),
(633, 69, 5, 2018, 4129000),
(634, 70, 5, 2018, 10910500),
(635, 71, 5, 2018, 1883000),
(636, 72, 5, 2018, 4817000),
(637, 73, 5, 2018, 4860500),
(638, 74, 5, 2018, 3552000),
(639, 75, 5, 2018, 5030000),
(640, 76, 5, 2018, 0),
(641, 77, 5, 2018, 0),
(642, 78, 5, 2018, 0),
(643, 79, 5, 2018, 8478000),
(644, 80, 5, 2018, 2385000),
(645, 81, 5, 2018, 546000),
(646, 82, 5, 2018, 7140000),
(647, 83, 5, 2018, 0),
(648, 84, 5, 2018, 2100000),
(649, 85, 5, 2018, 3276000),
(650, 86, 5, 2018, 1344000),
(651, 87, 5, 2018, 0),
(652, 88, 5, 2018, 0),
(653, 89, 5, 2018, 0),
(654, 90, 5, 2018, 0),
(655, 91, 5, 2018, 300000),
(656, 92, 5, 2018, 300000),
(657, 93, 5, 2018, 200000),
(658, 94, 5, 2018, 300000),
(659, 95, 5, 2018, 2350000),
(660, 96, 5, 2018, 877500),
(661, 97, 5, 2018, 451500),
(662, 98, 5, 2018, 16875000),
(663, 99, 5, 2018, 4578525),
(664, 100, 5, 2018, 4410000),
(665, 101, 5, 2018, 0),
(666, 102, 5, 2018, 4488750),
(667, 103, 5, 2018, 6733125),
(668, 104, 5, 2018, 3870000),
(669, 105, 5, 2018, 897750),
(670, 106, 5, 2018, 0),
(671, 107, 5, 2018, 180000),
(672, 108, 5, 2018, 0),
(673, 109, 5, 2018, 1526175),
(674, 110, 5, 2018, 0),
(675, 111, 5, 2018, 5528250),
(676, 112, 5, 2018, 1062768),
(677, 113, 5, 2018, 510000),
(678, 114, 5, 2018, 0),
(679, 115, 5, 2018, 1265200),
(680, 116, 5, 2018, 1771200),
(681, 117, 5, 2018, 0),
(682, 118, 5, 2018, 200000),
(683, 119, 5, 2018, 0),
(684, 120, 5, 2018, 0),
(685, 121, 5, 2018, 0),
(686, 122, 5, 2018, 0),
(687, 123, 5, 2018, 454333679),
(688, 124, 5, 2018, 69863014),
(689, 125, 5, 2018, 0),
(690, 126, 5, 2018, 135416667),
(691, 127, 5, 2018, 46027397),
(692, 128, 5, 2018, 0),
(693, 129, 5, 2018, 14508953),
(694, 130, 5, 2018, 0),
(695, 131, 5, 2018, 0),
(696, 132, 5, 2018, 22169781),
(697, 133, 5, 2018, 0),
(698, 134, 5, 2018, 0),
(699, 135, 5, 2018, 0),
(700, 136, 5, 2018, 0),
(701, 137, 5, 2018, 0),
(702, 138, 5, 2018, 0),
(703, 139, 5, 2018, 0),
(704, 140, 5, 2018, 0),
(705, 141, 5, 2018, 0),
(706, 1, 6, 2018, 185740678),
(707, 2, 6, 2018, 11116119),
(708, 3, 6, 2018, 1414500),
(709, 4, 6, 2018, 37567951),
(710, 5, 6, 2018, 31159731),
(711, 6, 6, 2018, 1080000),
(712, 7, 6, 2018, 4762500),
(713, 8, 6, 2018, 17098515),
(714, 9, 6, 2018, 132188302),
(715, 10, 6, 2018, 0),
(716, 11, 6, 2018, 59560200),
(717, 12, 6, 2018, 1056528244),
(718, 13, 6, 2018, 8617600),
(719, 14, 6, 2018, 16474990),
(720, 15, 6, 2018, 0),
(721, 16, 6, 2018, 3229590),
(722, 17, 6, 2018, 28289570),
(723, 18, 6, 2018, 16297344),
(724, 19, 6, 2018, 24133850),
(725, 20, 6, 2018, 4221645),
(726, 21, 6, 2018, 21818210),
(727, 22, 6, 2018, 10530585),
(728, 23, 6, 2018, 142361215),
(729, 24, 6, 2018, 319499592),
(730, 25, 6, 2018, 142737600),
(731, 26, 6, 2018, 22303500),
(732, 27, 6, 2018, 1360000),
(733, 28, 6, 2018, 36000),
(734, 29, 6, 2018, 1605000),
(735, 30, 6, 2018, 1440000),
(736, 31, 6, 2018, 0),
(737, 32, 6, 2018, 0),
(738, 33, 6, 2018, 0),
(739, 34, 6, 2018, 0),
(740, 35, 6, 2018, 3020500),
(741, 36, 6, 2018, 68000),
(742, 37, 6, 2018, 12000),
(743, 38, 6, 2018, 240000),
(744, 39, 6, 2018, 84000),
(745, 40, 6, 2018, 3595000),
(746, 41, 6, 2018, 105000),
(747, 42, 6, 2018, 30000),
(748, 43, 6, 2018, 0),
(749, 44, 6, 2018, 0),
(750, 45, 6, 2018, 3511500),
(751, 46, 6, 2018, 172000),
(752, 47, 6, 2018, 280000),
(753, 48, 6, 2018, 3556500),
(754, 49, 6, 2018, 312000),
(755, 50, 6, 2018, 0),
(756, 51, 6, 2018, 140000),
(757, 52, 6, 2018, 3852500),
(758, 53, 6, 2018, 160000),
(759, 54, 6, 2018, 205000),
(760, 55, 6, 2018, 100000),
(761, 56, 6, 2018, 6636000),
(762, 57, 6, 2018, 580000),
(763, 58, 6, 2018, 195000),
(764, 59, 6, 2018, 40000),
(765, 60, 6, 2018, 0),
(766, 61, 6, 2018, 0),
(767, 62, 6, 2018, 0),
(768, 63, 6, 2018, 1531000),
(769, 64, 6, 2018, 120000),
(770, 65, 6, 2018, 0),
(771, 66, 6, 2018, 0),
(772, 67, 6, 2018, 50000),
(773, 68, 6, 2018, 44621000),
(774, 69, 6, 2018, 3020500),
(775, 70, 6, 2018, 9705000),
(776, 71, 6, 2018, 2026000),
(777, 72, 6, 2018, 3852500),
(778, 73, 6, 2018, 3556500),
(779, 74, 6, 2018, 3511500),
(780, 75, 6, 2018, 3595000),
(781, 76, 6, 2018, 0),
(782, 77, 6, 2018, 0),
(783, 78, 6, 2018, 0),
(784, 79, 6, 2018, 11178000),
(785, 80, 6, 2018, 2992500),
(786, 81, 6, 2018, 714000),
(787, 82, 6, 2018, 6090000),
(788, 83, 6, 2018, 1260000),
(789, 84, 6, 2018, 1680000),
(790, 85, 6, 2018, 3276000),
(791, 86, 6, 2018, 1806000),
(792, 87, 6, 2018, 0),
(793, 88, 6, 2018, 600000),
(794, 89, 6, 2018, 0),
(795, 90, 6, 2018, 0),
(796, 91, 6, 2018, 300000),
(797, 92, 6, 2018, 250000),
(798, 93, 6, 2018, 200000),
(799, 94, 6, 2018, 300000),
(800, 95, 6, 2018, 3100000),
(801, 96, 6, 2018, 1053000),
(802, 97, 6, 2018, 301000),
(803, 98, 6, 2018, 16875000),
(804, 99, 6, 2018, 4309200),
(805, 100, 6, 2018, 3510000),
(806, 101, 6, 2018, 1800000),
(807, 102, 6, 2018, 3680775),
(808, 103, 6, 2018, 7108125),
(809, 104, 6, 2018, 5040000),
(810, 105, 6, 2018, 897750),
(811, 106, 6, 2018, 0),
(812, 107, 6, 2018, 180000),
(813, 108, 6, 2018, 0),
(814, 109, 6, 2018, 1885300),
(815, 110, 6, 2018, 0),
(816, 111, 6, 2018, 6135750),
(817, 112, 6, 2018, 1062768),
(818, 113, 6, 2018, 510000),
(819, 114, 6, 2018, 0),
(820, 115, 6, 2018, 1265200),
(821, 116, 6, 2018, 1771280),
(822, 117, 6, 2018, 0),
(823, 118, 6, 2018, 200000),
(824, 119, 6, 2018, 0),
(825, 120, 6, 2018, 0),
(826, 121, 6, 2018, 0),
(827, 122, 6, 2018, 0),
(828, 123, 6, 2018, 322679734),
(829, 124, 6, 2018, 101917808),
(830, 125, 6, 2018, 0),
(831, 126, 6, 2018, 135416667),
(832, 127, 6, 2018, 86794530),
(833, 128, 6, 2018, 0),
(834, 129, 6, 2018, 81603302),
(835, 130, 6, 2018, 0),
(836, 131, 6, 2018, 0),
(837, 132, 6, 2018, 0),
(838, 133, 6, 2018, 0),
(839, 134, 6, 2018, 0),
(840, 135, 6, 2018, 0),
(841, 136, 6, 2018, 0),
(842, 137, 6, 2018, 2147483647),
(843, 138, 6, 2018, 0),
(844, 139, 6, 2018, 2147483647),
(845, 140, 6, 2018, 0),
(846, 141, 6, 2018, 23000000),
(847, 1, 7, 2018, 283688061),
(848, 2, 7, 2018, 8729914),
(849, 3, 7, 2018, 1306500),
(850, 4, 7, 2018, 25425835),
(851, 5, 7, 2018, 21832356),
(852, 6, 7, 2018, 1527500),
(853, 7, 7, 2018, 7205500),
(854, 8, 7, 2018, 25928997),
(855, 9, 7, 2018, 207696550),
(856, 10, 7, 2018, 0),
(857, 11, 7, 2018, 85174213),
(858, 12, 7, 2018, 1024286701),
(859, 13, 7, 2018, 39730200),
(860, 14, 7, 2018, 9633687),
(861, 15, 7, 2018, 0),
(862, 16, 7, 2018, 5685735),
(863, 17, 7, 2018, 73327000),
(864, 18, 7, 2018, 46443598),
(865, 19, 7, 2018, 80161825),
(866, 20, 7, 2018, 6342795),
(867, 21, 7, 2018, 36554950),
(868, 22, 7, 2018, 16495375),
(869, 23, 7, 2018, 275489622),
(870, 24, 7, 2018, 655646189),
(871, 25, 7, 2018, 164963050),
(872, 26, 7, 2018, 30083500),
(873, 27, 7, 2018, 1116000),
(874, 28, 7, 2018, 54000),
(875, 29, 7, 2018, 805000),
(876, 30, 7, 2018, 376000),
(877, 31, 7, 2018, 0),
(878, 32, 7, 2018, 0),
(879, 33, 7, 2018, 0),
(880, 34, 7, 2018, 0),
(881, 35, 7, 2018, 4538750),
(882, 36, 7, 2018, 72000),
(883, 37, 7, 2018, 12000),
(884, 38, 7, 2018, 260000),
(885, 39, 7, 2018, 116000),
(886, 40, 7, 2018, 4565000),
(887, 41, 7, 2018, 120000),
(888, 42, 7, 2018, 30000),
(889, 43, 7, 2018, 0),
(890, 44, 7, 2018, 0),
(891, 45, 7, 2018, 3013000),
(892, 46, 7, 2018, 148000),
(893, 47, 7, 2018, 210000),
(894, 48, 7, 2018, 5255500),
(895, 49, 7, 2018, 312000),
(896, 50, 7, 2018, 375000),
(897, 51, 7, 2018, 140000),
(898, 52, 7, 2018, 4334500),
(899, 53, 7, 2018, 132000),
(900, 54, 7, 2018, 225000),
(901, 55, 7, 2018, 80000),
(902, 56, 7, 2018, 7999000),
(903, 57, 7, 2018, 716000),
(904, 58, 7, 2018, 265000),
(905, 59, 7, 2018, 40000),
(906, 60, 7, 2018, 124000),
(907, 61, 7, 2018, 0),
(908, 62, 7, 2018, 0),
(909, 63, 7, 2018, 3285000),
(910, 64, 7, 2018, 168000),
(911, 65, 7, 2018, 115000),
(912, 66, 7, 2018, 5000),
(913, 67, 7, 2018, 50000),
(914, 68, 7, 2018, 60167000),
(915, 69, 7, 2018, 4538750),
(916, 70, 7, 2018, 11215000),
(917, 71, 7, 2018, 4140000),
(918, 72, 7, 2018, 4334500),
(919, 73, 7, 2018, 5255500),
(920, 74, 7, 2018, 3013000),
(921, 75, 7, 2018, 4565000),
(922, 76, 7, 2018, 0),
(923, 77, 7, 2018, 0),
(924, 78, 7, 2018, 124000),
(925, 79, 7, 2018, 9126000),
(926, 80, 7, 2018, 2475000),
(927, 81, 7, 2018, 756000),
(928, 82, 7, 2018, 7518000),
(929, 83, 7, 2018, 1764000),
(930, 84, 7, 2018, 1386000),
(931, 85, 7, 2018, 3276000),
(932, 86, 7, 2018, 1554000),
(933, 87, 7, 2018, 0),
(934, 88, 7, 2018, 300000),
(935, 89, 7, 2018, 0),
(936, 90, 7, 2018, 0),
(937, 91, 7, 2018, 300000),
(938, 92, 7, 2018, 200000),
(939, 93, 7, 2018, 200000),
(940, 94, 7, 2018, 300000),
(941, 95, 7, 2018, 2900000),
(942, 96, 7, 2018, 1579500),
(943, 97, 7, 2018, 301000),
(944, 98, 7, 2018, 21735000),
(945, 99, 7, 2018, 4668300),
(946, 100, 7, 2018, 4770000),
(947, 101, 7, 2018, 2070000),
(948, 102, 7, 2018, 4039875),
(949, 103, 7, 2018, 6733125),
(950, 104, 7, 2018, 3780000),
(951, 105, 7, 2018, 897750),
(952, 106, 7, 2018, 0),
(953, 107, 7, 2018, 180000),
(954, 108, 7, 2018, 448875),
(955, 109, 7, 2018, 2154000),
(956, 110, 7, 2018, 0),
(957, 111, 7, 2018, 5710500),
(958, 112, 7, 2018, 1467632),
(959, 113, 7, 2018, 510000),
(960, 114, 7, 2018, 50000),
(961, 115, 7, 2018, 1012160),
(962, 116, 7, 2018, 1771280),
(963, 117, 7, 2018, 0),
(964, 118, 7, 2018, 200000),
(965, 119, 7, 2018, 203000),
(966, 120, 7, 2018, 0),
(967, 121, 7, 2018, 2147483647),
(968, 122, 7, 2018, 0),
(969, 123, 7, 2018, 259852934),
(970, 124, 7, 2018, 132040137),
(971, 125, 7, 2018, 0),
(972, 126, 7, 2018, 135416667),
(973, 127, 7, 2018, 85479461),
(974, 128, 7, 2018, 0),
(975, 129, 7, 2018, 15171434),
(976, 130, 7, 2018, 0),
(977, 131, 7, 2018, 32012238),
(978, 132, 7, 2018, 4294186),
(979, 133, 7, 2018, 0),
(980, 134, 7, 2018, 0),
(981, 135, 7, 2018, 0),
(982, 136, 7, 2018, 0),
(983, 137, 7, 2018, 0),
(984, 138, 7, 2018, 0),
(985, 139, 7, 2018, 0),
(986, 140, 7, 2018, 0),
(987, 141, 7, 2018, 0),
(988, 1, 8, 2018, 0),
(989, 2, 8, 2018, 13852531),
(990, 3, 8, 2018, 1088000),
(991, 4, 8, 2018, 38648286),
(992, 5, 8, 2018, 28403820),
(993, 6, 8, 2018, 6969000),
(994, 7, 8, 2018, 6905000),
(995, 8, 8, 2018, 21254705),
(996, 9, 8, 2018, 302949409),
(997, 10, 8, 2018, 450000),
(998, 11, 8, 2018, 22011927),
(999, 12, 8, 2018, 1038002591),
(1000, 13, 8, 2018, 15034400),
(1001, 14, 8, 2018, 18449891),
(1002, 15, 8, 2018, 0),
(1003, 16, 8, 2018, 8132425),
(1004, 17, 8, 2018, 123654275),
(1005, 18, 8, 2018, 30010721),
(1006, 19, 8, 2018, 79547355),
(1007, 20, 8, 2018, 10715800),
(1008, 21, 8, 2018, 37816895),
(1009, 22, 8, 2018, 26855604),
(1010, 23, 8, 2018, 215997165),
(1011, 24, 8, 2018, 474777086),
(1012, 25, 8, 2018, 351858540),
(1013, 26, 8, 2018, 27390500),
(1014, 27, 8, 2018, 840000),
(1015, 28, 8, 2018, 30000),
(1016, 29, 8, 2018, 689000),
(1017, 30, 8, 2018, 340000),
(1018, 31, 8, 2018, 0),
(1019, 32, 8, 2018, 0),
(1020, 33, 8, 2018, 0),
(1021, 34, 8, 2018, 0),
(1022, 35, 8, 2018, 4071000),
(1023, 36, 8, 2018, 48000),
(1024, 37, 8, 2018, 12000),
(1025, 38, 8, 2018, 265000),
(1026, 39, 8, 2018, 88000),
(1027, 40, 8, 2018, 4465000),
(1028, 41, 8, 2018, 110000),
(1029, 42, 8, 2018, 30000),
(1030, 43, 8, 2018, 0),
(1031, 44, 8, 2018, 0),
(1032, 45, 8, 2018, 3255500),
(1033, 46, 8, 2018, 148000),
(1034, 47, 8, 2018, 290000),
(1035, 48, 8, 2018, 4446000),
(1036, 49, 8, 2018, 256000),
(1037, 50, 8, 2018, 375000),
(1038, 51, 8, 2018, 140000),
(1039, 52, 8, 2018, 3854000),
(1040, 53, 8, 2018, 100000),
(1041, 54, 8, 2018, 230000),
(1042, 55, 8, 2018, 80000),
(1043, 56, 8, 2018, 6596000),
(1044, 57, 8, 2018, 424000),
(1045, 58, 8, 2018, 205000),
(1046, 59, 8, 2018, 36000),
(1047, 60, 8, 2018, 0),
(1048, 61, 8, 2018, 0),
(1049, 62, 8, 2018, 0),
(1050, 63, 8, 2018, 2870000),
(1051, 64, 8, 2018, 168000),
(1052, 65, 8, 2018, 115000),
(1053, 66, 8, 2018, 5000),
(1054, 67, 8, 2018, 50000),
(1055, 68, 8, 2018, 54782000),
(1056, 69, 8, 2018, 4071000),
(1057, 70, 8, 2018, 9319000),
(1058, 71, 8, 2018, 3806000),
(1059, 72, 8, 2018, 3854000),
(1060, 73, 8, 2018, 4446000),
(1061, 74, 8, 2018, 3255500),
(1062, 75, 8, 2018, 4465000),
(1063, 76, 8, 2018, 0),
(1064, 77, 8, 2018, 0),
(1065, 78, 8, 2018, 0),
(1066, 79, 8, 2018, 6804000),
(1067, 80, 8, 2018, 1890000),
(1068, 81, 8, 2018, 504000),
(1069, 82, 8, 2018, 4452000),
(1070, 83, 8, 2018, 1764000),
(1071, 84, 8, 2018, 1050000),
(1072, 85, 8, 2018, 2688000),
(1073, 86, 8, 2018, 1554000),
(1074, 87, 8, 2018, 0),
(1075, 88, 8, 2018, 150000),
(1076, 89, 8, 2018, 0),
(1077, 90, 8, 2018, 0),
(1078, 91, 8, 2018, 300000),
(1079, 92, 8, 2018, 200000),
(1080, 93, 8, 2018, 200000),
(1081, 94, 8, 2018, 300000),
(1082, 95, 8, 2018, 2350000),
(1083, 96, 8, 2018, 877500),
(1084, 97, 8, 2018, 301000),
(1085, 98, 8, 2018, 17610750),
(1086, 99, 8, 2018, 4758075),
(1087, 100, 8, 2018, 3690000),
(1088, 101, 8, 2018, 2070000),
(1089, 102, 8, 2018, 4129650),
(1090, 103, 8, 2018, 6733125),
(1091, 104, 8, 2018, 5220000),
(1092, 105, 8, 2018, 897750),
(1093, 106, 8, 2018, 0),
(1094, 107, 8, 2018, 180000),
(1095, 108, 8, 2018, 0),
(1096, 109, 8, 2018, 1975650),
(1097, 110, 8, 2018, 0),
(1098, 111, 8, 2018, 5163750),
(1099, 112, 8, 2018, 1113376),
(1100, 113, 8, 2018, 459000),
(1101, 114, 8, 2018, 50000),
(1102, 115, 8, 2018, 1012160),
(1103, 116, 8, 2018, 1771280),
(1104, 117, 8, 2018, 0),
(1105, 118, 8, 2018, 200000),
(1106, 119, 8, 2018, 0),
(1107, 120, 8, 2018, 0),
(1108, 121, 8, 2018, 0),
(1109, 122, 8, 2018, 0),
(1110, 123, 8, 2018, 226573920),
(1111, 124, 8, 2018, 117205479),
(1112, 125, 8, 2018, 0),
(1113, 126, 8, 2018, 135416667),
(1114, 127, 8, 2018, 99369865),
(1115, 128, 8, 2018, 0),
(1116, 129, 8, 2018, 23360000),
(1117, 130, 8, 2018, 0),
(1118, 131, 8, 2018, 0),
(1119, 132, 8, 2018, 22681875),
(1120, 133, 8, 2018, 0),
(1121, 134, 8, 2018, 0),
(1122, 135, 8, 2018, 0),
(1123, 136, 8, 2018, 0),
(1124, 137, 8, 2018, 2147483647),
(1125, 138, 8, 2018, 0),
(1126, 139, 8, 2018, 0),
(1127, 140, 8, 2018, 0),
(1128, 141, 8, 2018, 0),
(1129, 1, 9, 2018, 1128827901),
(1130, 2, 9, 2018, 0),
(1131, 3, 9, 2018, 0),
(1132, 4, 9, 2018, 37354867),
(1133, 5, 9, 2018, 41240857),
(1134, 6, 9, 2018, 1647000),
(1135, 7, 9, 2018, 7565000),
(1136, 8, 9, 2018, 38605113),
(1137, 9, 9, 2018, 311294150),
(1138, 10, 9, 2018, 500000),
(1139, 11, 9, 2018, 26541250),
(1140, 12, 9, 2018, 1004972644),
(1141, 13, 9, 2018, 35111500),
(1142, 14, 9, 2018, 34165652),
(1143, 15, 9, 2018, 0),
(1144, 16, 9, 2018, 7237725),
(1145, 17, 9, 2018, 119160330),
(1146, 18, 9, 2018, 43145640),
(1147, 19, 9, 2018, 84894145),
(1148, 20, 9, 2018, 8967415),
(1149, 21, 9, 2018, 124066365),
(1150, 22, 9, 2018, 62013125),
(1151, 23, 9, 2018, 368406791),
(1152, 24, 9, 2018, 757128420),
(1153, 25, 9, 2018, 202299966),
(1154, 26, 9, 2018, 28217000),
(1155, 27, 9, 2018, 1256000),
(1156, 28, 9, 2018, 42000),
(1157, 29, 9, 2018, 650000),
(1158, 30, 9, 2018, 400000),
(1159, 31, 9, 2018, 0),
(1160, 32, 9, 2018, 0),
(1161, 33, 9, 2018, 0),
(1162, 34, 9, 2018, 0),
(1163, 35, 9, 2018, 3940500),
(1164, 36, 9, 2018, 56000),
(1165, 37, 9, 2018, 12000),
(1166, 38, 9, 2018, 275000),
(1167, 39, 9, 2018, 88000),
(1168, 40, 9, 2018, 4072500),
(1169, 41, 9, 2018, 120000),
(1170, 42, 9, 2018, 30000),
(1171, 43, 9, 2018, 0),
(1172, 44, 9, 2018, 0),
(1173, 45, 9, 2018, 3514500),
(1174, 46, 9, 2018, 236000),
(1175, 47, 9, 2018, 300000),
(1176, 48, 9, 2018, 4506500),
(1177, 49, 9, 2018, 368000),
(1178, 50, 9, 2018, 375000),
(1179, 51, 9, 2018, 140000),
(1180, 52, 9, 2018, 3597500),
(1181, 53, 9, 2018, 120000),
(1182, 54, 9, 2018, 200000),
(1183, 55, 9, 2018, 60000),
(1184, 56, 9, 2018, 7904000),
(1185, 57, 9, 2018, 808000),
(1186, 58, 9, 2018, 295000),
(1187, 59, 9, 2018, 44000),
(1188, 60, 9, 2018, 124000),
(1189, 61, 9, 2018, 0),
(1190, 62, 9, 2018, 0),
(1191, 63, 9, 2018, 3045000),
(1192, 64, 9, 2018, 168000),
(1193, 65, 9, 2018, 125000),
(1194, 66, 9, 2018, 5000),
(1195, 67, 9, 2018, 35000),
(1196, 68, 9, 2018, 56434000),
(1197, 69, 9, 2018, 3940500),
(1198, 70, 9, 2018, 11309000),
(1199, 71, 9, 2018, 4015000),
(1200, 72, 9, 2018, 3597500),
(1201, 73, 9, 2018, 4506500),
(1202, 74, 9, 2018, 3514500),
(1203, 75, 9, 2018, 4072500),
(1204, 76, 9, 2018, 0),
(1205, 77, 9, 2018, 0),
(1206, 78, 9, 2018, 124000),
(1207, 79, 9, 2018, 9018000),
(1208, 80, 9, 2018, 3360500),
(1209, 81, 9, 2018, 588000),
(1210, 82, 9, 2018, 8484000),
(1211, 83, 9, 2018, 1764000),
(1212, 84, 9, 2018, 1260000),
(1213, 85, 9, 2018, 3864000),
(1214, 86, 9, 2018, 2478000),
(1215, 87, 9, 2018, 0),
(1216, 88, 9, 2018, 150000),
(1217, 89, 9, 2018, 0),
(1218, 90, 9, 2018, 0),
(1219, 91, 9, 2018, 300000),
(1220, 92, 9, 2018, 200000),
(1221, 93, 9, 2018, 200000),
(1222, 94, 9, 2018, 300000),
(1223, 95, 9, 2018, 2850000),
(1224, 96, 9, 2018, 1228500),
(1225, 97, 9, 2018, 301000),
(1226, 98, 9, 2018, 18390000),
(1227, 99, 9, 2018, 4937625),
(1228, 100, 9, 2018, 5310000),
(1229, 101, 9, 2018, 2250000),
(1230, 102, 9, 2018, 3591000),
(1231, 103, 9, 2018, 6733125),
(1232, 104, 9, 2018, 5400000),
(1233, 105, 9, 2018, 628425),
(1234, 106, 9, 2018, 0),
(1235, 107, 9, 2018, 180000),
(1236, 108, 9, 2018, 298875),
(1237, 109, 9, 2018, 2154600),
(1238, 110, 9, 2018, 0),
(1239, 111, 9, 2018, 6075000),
(1240, 112, 9, 2018, 1113376),
(1241, 113, 9, 2018, 561000),
(1242, 114, 9, 2018, 50000),
(1243, 115, 9, 2018, 759120),
(1244, 116, 9, 2018, 1771280),
(1245, 117, 9, 2018, 0),
(1246, 118, 9, 2018, 200000),
(1247, 119, 9, 2018, 203000),
(1248, 120, 9, 2018, 0),
(1249, 121, 9, 2018, 0),
(1250, 122, 9, 2018, 0),
(1251, 123, 9, 2018, 318096984),
(1252, 124, 9, 2018, 118904110),
(1253, 125, 9, 2018, 0),
(1254, 126, 9, 2018, 135416667),
(1255, 127, 9, 2018, 93764386),
(1256, 128, 9, 2018, 0),
(1257, 129, 9, 2018, 0),
(1258, 130, 9, 2018, 0),
(1259, 131, 9, 2018, 0),
(1260, 132, 9, 2018, 0),
(1261, 133, 9, 2018, 1899084916),
(1262, 134, 9, 2018, 2045608477),
(1263, 135, 9, 2018, 2147483647),
(1264, 136, 9, 2018, 8119491),
(1265, 137, 9, 2018, 0),
(1266, 138, 9, 2018, 2147483647),
(1267, 139, 9, 2018, 0),
(1268, 140, 9, 2018, 0),
(1269, 141, 9, 2018, 0),
(1270, 1, 10, 2018, 246666209),
(1271, 2, 10, 2018, 21557772),
(1272, 3, 10, 2018, 2484000),
(1273, 4, 10, 2018, 47360758),
(1274, 5, 10, 2018, 29514000),
(1275, 6, 10, 2018, 6032500),
(1276, 7, 10, 2018, 7365000),
(1277, 8, 10, 2018, 33840769),
(1278, 9, 10, 2018, 281134486),
(1279, 10, 10, 2018, 293843),
(1280, 11, 10, 2018, 25212100),
(1281, 12, 10, 2018, 1027295810),
(1282, 13, 10, 2018, 14874900),
(1283, 14, 10, 2018, 44413006),
(1284, 15, 10, 2018, 17500000),
(1285, 16, 10, 2018, 5907420),
(1286, 17, 10, 2018, 136362270),
(1287, 18, 10, 2018, 160931312),
(1288, 19, 10, 2018, 104203525),
(1289, 20, 10, 2018, 35851460),
(1290, 21, 10, 2018, 38854906),
(1291, 22, 10, 2018, 69568960),
(1292, 23, 10, 2018, 134865431),
(1293, 24, 10, 2018, 318279201),
(1294, 25, 10, 2018, 198158900),
(1295, 26, 10, 2018, 35311000),
(1296, 27, 10, 2018, 772000),
(1297, 28, 10, 2018, 48000),
(1298, 29, 10, 2018, 660000),
(1299, 30, 10, 2018, 552000),
(1300, 31, 10, 2018, 0),
(1301, 32, 10, 2018, 0),
(1302, 33, 10, 2018, 0),
(1303, 34, 10, 2018, 0),
(1304, 35, 10, 2018, 6644000),
(1305, 36, 10, 2018, 52000),
(1306, 37, 10, 2018, 12000),
(1307, 38, 10, 2018, 265000),
(1308, 39, 10, 2018, 88000),
(1309, 40, 10, 2018, 7218500),
(1310, 41, 10, 2018, 75000),
(1311, 42, 10, 2018, 30000),
(1312, 43, 10, 2018, 0),
(1313, 44, 10, 2018, 0),
(1314, 45, 10, 2018, 3533000),
(1315, 46, 10, 2018, 800000),
(1316, 47, 10, 2018, 425000),
(1317, 48, 10, 2018, 6171500),
(1318, 49, 10, 2018, 312000),
(1319, 50, 10, 2018, 375000),
(1320, 51, 10, 2018, 140000),
(1321, 52, 10, 2018, 6484000),
(1322, 53, 10, 2018, 140000),
(1323, 54, 10, 2018, 310000),
(1324, 55, 10, 2018, 100000),
(1325, 56, 10, 2018, 10800000),
(1326, 57, 10, 2018, 684000),
(1327, 58, 10, 2018, 220000),
(1328, 59, 10, 2018, 40000),
(1329, 60, 10, 2018, 0),
(1330, 61, 10, 2018, 0),
(1331, 62, 10, 2018, 0),
(1332, 63, 10, 2018, 5413000),
(1333, 64, 10, 2018, 168000),
(1334, 65, 10, 2018, 120000),
(1335, 66, 10, 2018, 4000),
(1336, 67, 10, 2018, 35000),
(1337, 68, 10, 2018, 70702000),
(1338, 69, 10, 2018, 6644000),
(1339, 70, 10, 2018, 14309000),
(1340, 71, 10, 2018, 6419000),
(1341, 72, 10, 2018, 6484000),
(1342, 73, 10, 2018, 6171500),
(1343, 74, 10, 2018, 3533000),
(1344, 75, 10, 2018, 7223500),
(1345, 76, 10, 2018, 0),
(1346, 77, 10, 2018, 0),
(1347, 78, 10, 2018, 0),
(1348, 79, 10, 2018, 6480000),
(1349, 80, 10, 2018, 1642500),
(1350, 81, 10, 2018, 546000),
(1351, 82, 10, 2018, 7182000),
(1352, 83, 10, 2018, 1764000),
(1353, 84, 10, 2018, 1470000),
(1354, 85, 10, 2018, 3276000),
(1355, 86, 10, 2018, 8400000),
(1356, 87, 10, 2018, 0),
(1357, 88, 10, 2018, 150000),
(1358, 89, 10, 2018, 0),
(1359, 90, 10, 2018, 0),
(1360, 91, 10, 2018, 300000),
(1361, 92, 10, 2018, 250000),
(1362, 93, 10, 2018, 200000),
(1363, 94, 10, 2018, 300000),
(1364, 95, 10, 2018, 1850000),
(1365, 96, 10, 2018, 1526500),
(1366, 97, 10, 2018, 340000),
(1367, 98, 10, 2018, 18285000),
(1368, 99, 10, 2018, 5279550),
(1369, 100, 10, 2018, 4400000),
(1370, 101, 10, 2018, 2400000),
(1371, 102, 10, 2018, 5934150),
(1372, 103, 10, 2018, 7500000),
(1373, 104, 10, 2018, 7650000),
(1374, 105, 10, 2018, 700000),
(1375, 106, 10, 2018, 0),
(1376, 107, 10, 2018, 180000),
(1377, 108, 10, 2018, 267300),
(1378, 109, 10, 2018, 1500000),
(1379, 110, 10, 2018, 0),
(1380, 111, 10, 2018, 8638500),
(1381, 112, 10, 2018, 1210000),
(1382, 113, 10, 2018, 550000),
(1383, 114, 10, 2018, 55000),
(1384, 115, 10, 2018, 1287160),
(1385, 116, 10, 2018, 1925000),
(1386, 117, 10, 2018, 0),
(1387, 118, 10, 2018, 200000),
(1388, 119, 10, 2018, 182700),
(1389, 120, 10, 2018, 0),
(1390, 121, 10, 2018, 0),
(1391, 122, 10, 2018, 0),
(1392, 123, 10, 2018, 407967040),
(1393, 124, 10, 2018, 176718493),
(1394, 125, 10, 2018, 0),
(1395, 126, 10, 2018, 135416667),
(1396, 127, 10, 2018, 90739728),
(1397, 128, 10, 2018, 0),
(1398, 129, 10, 2018, 20000000),
(1399, 130, 10, 2018, 0),
(1400, 131, 10, 2018, 0),
(1401, 132, 10, 2018, 1952751),
(1402, 133, 10, 2018, 2144161384),
(1403, 134, 10, 2018, 2147483647),
(1404, 135, 10, 2018, 2147483647),
(1405, 136, 10, 2018, 9530695),
(1406, 137, 10, 2018, 0),
(1407, 138, 10, 2018, 0),
(1408, 139, 10, 2018, 0),
(1409, 140, 10, 2018, 0),
(1410, 141, 10, 2018, 0),
(1411, 1, 11, 2018, 204579911),
(1412, 2, 11, 2018, 25939505),
(1413, 3, 11, 2018, 1044000),
(1414, 4, 11, 2018, 38546859),
(1415, 5, 11, 2018, 34696363),
(1416, 6, 11, 2018, 5105000),
(1417, 7, 11, 2018, 8260000),
(1418, 8, 11, 2018, 22118160),
(1419, 9, 11, 2018, 1162511288),
(1420, 10, 11, 2018, 1464900),
(1421, 11, 11, 2018, 25026250),
(1422, 12, 11, 2018, 1061778417),
(1423, 13, 11, 2018, 34353000),
(1424, 14, 11, 2018, 68627008),
(1425, 15, 11, 2018, 0),
(1426, 16, 11, 2018, 18233100),
(1427, 17, 11, 2018, 113165600),
(1428, 18, 11, 2018, 19272240),
(1429, 19, 11, 2018, 82688100),
(1430, 20, 11, 2018, 9647820),
(1431, 21, 11, 2018, 25382100),
(1432, 22, 11, 2018, 24610600),
(1433, 23, 11, 2018, 83738427),
(1434, 24, 11, 2018, 144171537),
(1435, 25, 11, 2018, 222483300),
(1436, 26, 11, 2018, 30986000),
(1437, 27, 11, 2018, 1592000),
(1438, 28, 11, 2018, 48000),
(1439, 29, 11, 2018, 750000),
(1440, 30, 11, 2018, 672000),
(1441, 31, 11, 2018, 0),
(1442, 32, 11, 2018, 0),
(1443, 33, 11, 2018, 0),
(1444, 34, 11, 2018, 0),
(1445, 35, 11, 2018, 5925000),
(1446, 36, 11, 2018, 48000),
(1447, 37, 11, 2018, 12000),
(1448, 38, 11, 2018, 265000),
(1449, 39, 11, 2018, 112000),
(1450, 40, 11, 2018, 6417000),
(1451, 41, 11, 2018, 95000),
(1452, 42, 11, 2018, 0),
(1453, 43, 11, 2018, 30000),
(1454, 44, 11, 2018, 0),
(1455, 45, 11, 2018, 3340000),
(1456, 46, 11, 2018, 352000),
(1457, 47, 11, 2018, 270000),
(1458, 48, 11, 2018, 5719000),
(1459, 49, 11, 2018, 312000),
(1460, 50, 11, 2018, 375000),
(1461, 51, 11, 2018, 140000),
(1462, 52, 11, 2018, 5820000),
(1463, 53, 11, 2018, 172000),
(1464, 54, 11, 2018, 305000),
(1465, 55, 11, 2018, 72000),
(1466, 56, 11, 2018, 9970000),
(1467, 57, 11, 2018, 668000),
(1468, 58, 11, 2018, 245000),
(1469, 59, 11, 2018, 40000),
(1470, 60, 11, 2018, 0),
(1471, 61, 11, 2018, 0),
(1472, 62, 11, 2018, 0),
(1473, 63, 11, 2018, 5019000),
(1474, 64, 11, 2018, 168000),
(1475, 65, 11, 2018, 120000),
(1476, 66, 11, 2018, 5000),
(1477, 67, 11, 2018, 30000),
(1478, 68, 11, 2018, 61972000),
(1479, 69, 11, 2018, 5925000),
(1480, 70, 11, 2018, 13161000),
(1481, 71, 11, 2018, 5980000),
(1482, 72, 11, 2018, 5820000),
(1483, 73, 11, 2018, 5719000),
(1484, 74, 11, 2018, 3340000),
(1485, 75, 11, 2018, 6417000),
(1486, 76, 11, 2018, 0),
(1487, 77, 11, 2018, 0),
(1488, 78, 11, 2018, 0),
(1489, 79, 11, 2018, 14094000),
(1490, 80, 11, 2018, 3082500),
(1491, 81, 11, 2018, 504000),
(1492, 82, 11, 2018, 7014000),
(1493, 83, 11, 2018, 1764000),
(1494, 84, 11, 2018, 1806000),
(1495, 85, 11, 2018, 3276000),
(1496, 86, 11, 2018, 3696000),
(1497, 87, 11, 2018, 0),
(1498, 88, 11, 2018, 150000),
(1499, 89, 11, 2018, 0),
(1500, 90, 11, 2018, 0),
(1501, 91, 11, 2018, 300000),
(1502, 92, 11, 2018, 300000),
(1503, 93, 11, 2018, 200000),
(1504, 94, 11, 2018, 300000),
(1505, 95, 11, 2018, 1350000),
(1506, 96, 11, 2018, 1600000),
(1507, 97, 11, 2018, 340000),
(1508, 98, 11, 2018, 20790000),
(1509, 99, 11, 2018, 5289550),
(1510, 100, 11, 2018, 4900000),
(1511, 101, 11, 2018, 2400000),
(1512, 102, 11, 2018, 6007975),
(1513, 103, 11, 2018, 7500000),
(1514, 104, 11, 2018, 4950000),
(1515, 105, 11, 2018, 600000),
(1516, 106, 11, 2018, 0),
(1517, 107, 11, 2018, 180000),
(1518, 108, 11, 2018, 0),
(1519, 109, 11, 2018, 1900000),
(1520, 110, 11, 2018, 0),
(1521, 111, 11, 2018, 10533250),
(1522, 112, 11, 2018, 1540000),
(1523, 113, 11, 2018, 550000),
(1524, 114, 11, 2018, 55000),
(1525, 115, 11, 2018, 990000),
(1526, 116, 11, 2018, 1925000),
(1527, 117, 11, 2018, 0),
(1528, 118, 11, 2018, 200000),
(1529, 119, 11, 2018, 0),
(1530, 120, 11, 2018, 0),
(1531, 121, 11, 2018, 0),
(1532, 122, 11, 2018, 0),
(1533, 123, 11, 2018, 343416790),
(1534, 124, 11, 2018, 118904110),
(1535, 125, 11, 2018, 0),
(1536, 126, 11, 2018, 116780822),
(1537, 127, 11, 2018, 100558892),
(1538, 128, 11, 2018, 0),
(1539, 129, 11, 2018, 0),
(1540, 130, 11, 2018, 0),
(1541, 131, 11, 2018, 20203814),
(1542, 132, 11, 2018, 3316257),
(1543, 133, 11, 2018, 0),
(1544, 134, 11, 2018, 0),
(1545, 135, 11, 2018, 0),
(1546, 136, 11, 2018, 0),
(1547, 137, 11, 2018, 2147483647),
(1548, 138, 11, 2018, 0),
(1549, 139, 11, 2018, 2147483647),
(1550, 140, 11, 2018, 0),
(1551, 141, 11, 2018, 0),
(1552, 1, 12, 2018, 115821253),
(1553, 2, 12, 2018, 31930850),
(1554, 3, 12, 2018, 526000),
(1555, 4, 12, 2018, 48862228),
(1556, 5, 12, 2018, 37653100),
(1557, 6, 12, 2018, 5720000),
(1558, 7, 12, 2018, 23211000),
(1559, 8, 12, 2018, 25004967),
(1560, 9, 12, 2018, 563224501),
(1561, 10, 12, 2018, 1957811),
(1562, 11, 12, 2018, 303748325),
(1563, 12, 12, 2018, 1102435780),
(1564, 13, 12, 2018, 34543000),
(1565, 14, 12, 2018, 27570424),
(1566, 15, 12, 2018, 2000000),
(1567, 16, 12, 2018, 20319075),
(1568, 17, 12, 2018, 436727260),
(1569, 18, 12, 2018, 252411742),
(1570, 19, 12, 2018, 268257935),
(1571, 20, 12, 2018, 50047605),
(1572, 21, 12, 2018, 168391882),
(1573, 22, 12, 2018, 203188700),
(1574, 23, 12, 2018, 119202115),
(1575, 24, 12, 2018, 94357635),
(1576, 25, 12, 2018, 182474450),
(1577, 26, 12, 2018, 31464000),
(1578, 27, 12, 2018, 3192000),
(1579, 28, 12, 2018, 42000),
(1580, 29, 12, 2018, 1250000),
(1581, 30, 12, 2018, 1428000),
(1582, 31, 12, 2018, 0),
(1583, 32, 12, 2018, 0),
(1584, 33, 12, 2018, 0),
(1585, 34, 12, 2018, 0),
(1586, 35, 12, 2018, 7510000),
(1587, 36, 12, 2018, 68000),
(1588, 37, 12, 2018, 12000),
(1589, 38, 12, 2018, 250000),
(1590, 39, 12, 2018, 92000),
(1591, 40, 12, 2018, 6566000),
(1592, 41, 12, 2018, 170000),
(1593, 42, 12, 2018, 25000),
(1594, 43, 12, 2018, 0),
(1595, 44, 12, 2018, 0),
(1596, 45, 12, 2018, 3427000),
(1597, 46, 12, 2018, 588000),
(1598, 47, 12, 2018, 625000),
(1599, 48, 12, 2018, 6338000),
(1600, 49, 12, 2018, 312000),
(1601, 50, 12, 2018, 375000),
(1602, 51, 12, 2018, 140000),
(1603, 52, 12, 2018, 6469000),
(1604, 53, 12, 2018, 240000),
(1605, 54, 12, 2018, 250000),
(1606, 55, 12, 2018, 116000),
(1607, 56, 12, 2018, 10259000),
(1608, 57, 12, 2018, 712000),
(1609, 58, 12, 2018, 255000),
(1610, 59, 12, 2018, 40000),
(1611, 60, 12, 2018, 0),
(1612, 61, 12, 2018, 0),
(1613, 62, 12, 2018, 0),
(1614, 63, 12, 2018, 4916000),
(1615, 64, 12, 2018, 168000),
(1616, 65, 12, 2018, 120000),
(1617, 66, 12, 2018, 4000),
(1618, 67, 12, 2018, 30000),
(1619, 68, 12, 2018, 62930000),
(1620, 69, 12, 2018, 7510000),
(1621, 70, 12, 2018, 13571000),
(1622, 71, 12, 2018, 5685000),
(1623, 72, 12, 2018, 6469000),
(1624, 73, 12, 2018, 6338000),
(1625, 74, 12, 2018, 3427000),
(1626, 75, 12, 2018, 6566000),
(1627, 76, 12, 2018, 0),
(1628, 77, 12, 2018, 0),
(1629, 78, 12, 2018, 0),
(1630, 79, 12, 2018, 25164000),
(1631, 80, 12, 2018, 7470000),
(1632, 81, 12, 2018, 714000),
(1633, 82, 12, 2018, 7476000),
(1634, 83, 12, 2018, 1764000),
(1635, 84, 12, 2018, 2520000),
(1636, 85, 12, 2018, 3276000),
(1637, 86, 12, 2018, 6174000),
(1638, 87, 12, 2018, 0),
(1639, 88, 12, 2018, 150000),
(1640, 89, 12, 2018, 1200000),
(1641, 90, 12, 2018, 0),
(1642, 91, 12, 2018, 300000),
(1643, 92, 12, 2018, 300000),
(1644, 93, 12, 2018, 200000),
(1645, 94, 12, 2018, 250000),
(1646, 95, 12, 2018, 3350000),
(1647, 96, 12, 2018, 1351000),
(1648, 97, 12, 2018, 340000),
(1649, 98, 12, 2018, 34645000),
(1650, 99, 12, 2018, 5400000),
(1651, 100, 12, 2018, 5100000),
(1652, 101, 12, 2018, 2400000),
(1653, 102, 12, 2018, 5050000),
(1654, 103, 12, 2018, 7500000),
(1655, 104, 12, 2018, 11730000),
(1656, 105, 12, 2018, 600000),
(1657, 106, 12, 2018, 0),
(1658, 107, 12, 2018, 180000),
(1659, 108, 12, 2018, 805950),
(1660, 109, 12, 2018, 3800000),
(1661, 110, 12, 2018, 1176000),
(1662, 111, 12, 2018, 21307750),
(1663, 112, 12, 2018, 1265000),
(1664, 113, 12, 2018, 550000),
(1665, 114, 12, 2018, 55000),
(1666, 115, 12, 2018, 1595000),
(1667, 116, 12, 2018, 1925000),
(1668, 117, 12, 2018, 0),
(1669, 118, 12, 2018, 150000),
(1670, 119, 12, 2018, 444050),
(1671, 120, 12, 2018, 0),
(1672, 121, 12, 2018, 213836358),
(1673, 122, 12, 2018, 2147483647),
(1674, 123, 12, 2018, 305373915),
(1675, 124, 12, 2018, 115068493),
(1676, 125, 12, 2018, 0),
(1677, 126, 12, 2018, 133561644),
(1678, 127, 12, 2018, 189369864),
(1679, 128, 12, 2018, 0),
(1680, 129, 12, 2018, 99244762),
(1681, 130, 12, 2018, 1354500),
(1682, 131, 12, 2018, 265236910),
(1683, 132, 12, 2018, 105368652),
(1684, 133, 12, 2018, 2147483647),
(1685, 134, 12, 2018, 2147483647),
(1686, 135, 12, 2018, 2147483647),
(1687, 136, 12, 2018, 6627436),
(1688, 137, 12, 2018, 1969974418),
(1689, 138, 12, 2018, 0),
(1690, 139, 12, 2018, 0),
(1691, 140, 12, 2018, 0),
(1692, 141, 12, 2018, 99589264),
(1693, 1, 1, 2019, 0),
(1694, 2, 1, 2019, 33315725),
(1695, 3, 1, 2019, 0),
(1696, 4, 1, 2019, 37477235),
(1697, 5, 1, 2019, 26439208),
(1698, 6, 1, 2019, 1675000),
(1699, 7, 1, 2019, 5650000),
(1700, 8, 1, 2019, 43050721),
(1701, 9, 1, 2019, 272063860),
(1702, 10, 1, 2019, 1584655),
(1703, 11, 1, 2019, 50168727),
(1704, 12, 1, 2019, 1140667903),
(1705, 13, 1, 2019, 31126800),
(1706, 14, 1, 2019, 14372171),
(1707, 15, 1, 2019, 0),
(1708, 16, 1, 2019, 18653710),
(1709, 17, 1, 2019, 120761210),
(1710, 18, 1, 2019, 139887904),
(1711, 19, 1, 2019, 116926820),
(1712, 20, 1, 2019, 29705180),
(1713, 21, 1, 2019, 105149455),
(1714, 22, 1, 2019, 54509760),
(1715, 23, 1, 2019, 41919140),
(1716, 24, 1, 2019, 54454274),
(1717, 25, 1, 2019, 241098400),
(1718, 26, 1, 2019, 22548000),
(1719, 27, 1, 2019, 1222000),
(1720, 28, 1, 2019, 24000),
(1721, 29, 1, 2019, 535000),
(1722, 30, 1, 2019, 268000),
(1723, 31, 1, 2019, 0),
(1724, 32, 1, 2019, 0),
(1725, 33, 1, 2019, 0),
(1726, 34, 1, 2019, 0),
(1727, 35, 1, 2019, 7240000),
(1728, 36, 1, 2019, 64000),
(1729, 37, 1, 2019, 12000),
(1730, 38, 1, 2019, 280000),
(1731, 39, 1, 2019, 92000),
(1732, 40, 1, 2019, 6224000),
(1733, 41, 1, 2019, 85000),
(1734, 42, 1, 2019, 0),
(1735, 43, 1, 2019, 0),
(1736, 44, 1, 2019, 0),
(1737, 45, 1, 2019, 3103000),
(1738, 46, 1, 2019, 200000),
(1739, 47, 1, 2019, 240000),
(1740, 48, 1, 2019, 5457000),
(1741, 49, 1, 2019, 188000),
(1742, 50, 1, 2019, 400000),
(1743, 51, 1, 2019, 124000),
(1744, 52, 1, 2019, 6303000),
(1745, 53, 1, 2019, 252000),
(1746, 54, 1, 2019, 240000),
(1747, 55, 1, 2019, 108000),
(1748, 56, 1, 2019, 6556000),
(1749, 57, 1, 2019, 0),
(1750, 58, 1, 2019, 0),
(1751, 59, 1, 2019, 0),
(1752, 60, 1, 2019, 0),
(1753, 61, 1, 2019, 0),
(1754, 62, 1, 2019, 0),
(1755, 63, 1, 2019, 5575000),
(1756, 64, 1, 2019, 168000),
(1757, 65, 1, 2019, 120000),
(1758, 66, 1, 2019, 4000),
(1759, 67, 1, 2019, 30000),
(1760, 68, 1, 2019, 45096000),
(1761, 69, 1, 2019, 7240000),
(1762, 70, 1, 2019, 8761000),
(1763, 71, 1, 2019, 7015000),
(1764, 72, 1, 2019, 6303000),
(1765, 73, 1, 2019, 5457000),
(1766, 74, 1, 2019, 3103000),
(1767, 75, 1, 2019, 6224000),
(1768, 76, 1, 2019, 0),
(1769, 77, 1, 2019, 0),
(1770, 78, 1, 2019, 0),
(1771, 79, 1, 2019, 10584000),
(1772, 80, 1, 2019, 2362500),
(1773, 81, 1, 2019, 672000),
(1774, 82, 1, 2019, 0),
(1775, 83, 1, 2019, 1764000),
(1776, 84, 1, 2019, 2646000),
(1777, 85, 1, 2019, 1974000),
(1778, 86, 1, 2019, 2100000),
(1779, 87, 1, 2019, 0),
(1780, 88, 1, 2019, 150000),
(1781, 89, 1, 2019, 100000),
(1782, 90, 1, 2019, 0),
(1783, 91, 1, 2019, 0),
(1784, 92, 1, 2019, 300000),
(1785, 93, 1, 2019, 200000),
(1786, 94, 1, 2019, 300000),
(1787, 95, 1, 2019, 2250000),
(1788, 96, 1, 2019, 1375500),
(1789, 97, 1, 2019, 340000),
(1790, 98, 1, 2019, 14880000),
(1791, 99, 1, 2019, 5200000),
(1792, 100, 1, 2019, 0),
(1793, 101, 1, 2019, 2400000),
(1794, 102, 1, 2019, 4800000),
(1795, 103, 1, 2019, 8000000),
(1796, 104, 1, 2019, 4420000),
(1797, 105, 1, 2019, 600000),
(1798, 106, 1, 2019, 0),
(1799, 107, 1, 2019, 0),
(1800, 108, 1, 2019, 0),
(1801, 109, 1, 2019, 1700000),
(1802, 110, 1, 2019, 0),
(1803, 111, 1, 2019, 4308250),
(1804, 112, 1, 2019, 1265000),
(1805, 113, 1, 2019, 0),
(1806, 114, 1, 2019, 55000),
(1807, 115, 1, 2019, 1485000),
(1808, 116, 1, 2019, 1705000),
(1809, 117, 1, 2019, 0),
(1810, 118, 1, 2019, 0),
(1811, 119, 1, 2019, 0),
(1812, 120, 1, 2019, 0),
(1813, 121, 1, 2019, 0),
(1814, 122, 1, 2019, 0),
(1815, 123, 1, 2019, 378881),
(1816, 124, 1, 2019, 0),
(1817, 125, 1, 2019, 0),
(1818, 126, 1, 2019, 0),
(1819, 127, 1, 2019, 0),
(1820, 128, 1, 2019, 0),
(1821, 129, 1, 2019, 0),
(1822, 130, 1, 2019, 3179000),
(1823, 131, 1, 2019, 1000),
(1824, 142, 1, 2019, 1943381),
(1825, 132, 1, 2019, 100699753),
(1826, 133, 1, 2019, 0),
(1827, 134, 1, 2019, 0),
(1828, 135, 1, 2019, 0),
(1829, 136, 1, 2019, 0),
(1830, 137, 1, 2019, 0),
(1831, 138, 1, 2019, 0),
(1832, 139, 1, 2019, 0),
(1833, 140, 1, 2019, 0),
(1834, 141, 1, 2019, 0),
(1835, 1, 2, 2019, 263279657),
(1836, 2, 2, 2019, 4321926),
(1837, 3, 2, 2019, 1357000),
(1838, 4, 2, 2019, 33745791),
(1839, 5, 2, 2019, 21948141),
(1840, 6, 2, 2019, 1192500),
(1841, 7, 2, 2019, 2957500),
(1842, 8, 2, 2019, 9630151),
(1843, 9, 2, 2019, 184513599),
(1844, 10, 2, 2019, 0),
(1845, 11, 2, 2019, 51900452),
(1846, 12, 2, 2019, 927549513),
(1847, 13, 2, 2019, 21645800),
(1848, 14, 2, 2019, 13817078),
(1849, 15, 2, 2019, 0),
(1850, 16, 2, 2019, 9768480),
(1851, 17, 2, 2019, 54312500),
(1852, 18, 2, 2019, 24706746),
(1853, 19, 2, 2019, 50454690),
(1854, 20, 2, 2019, 11648350),
(1855, 21, 2, 2019, 35811464),
(1856, 22, 2, 2019, 21346660),
(1857, 23, 2, 2019, 5317980),
(1858, 24, 2, 2019, 9046924),
(1859, 25, 2, 2019, 303735793),
(1860, 26, 2, 2019, 26817500),
(1861, 27, 2, 2019, 872000),
(1862, 28, 2, 2019, 36000),
(1863, 29, 2, 2019, 515000),
(1864, 30, 2, 2019, 340000),
(1865, 31, 2, 2019, 0),
(1866, 32, 2, 2019, 0),
(1867, 33, 2, 2019, 0),
(1868, 34, 2, 2019, 0),
(1869, 35, 2, 2019, 3936000),
(1870, 36, 2, 2019, 64000),
(1871, 37, 2, 2019, 12000),
(1872, 38, 2, 2019, 255000),
(1873, 39, 2, 2019, 88000),
(1874, 40, 2, 2019, 4671000),
(1875, 41, 2, 2019, 120000),
(1876, 42, 2, 2019, 0),
(1877, 43, 2, 2019, 5000),
(1878, 44, 2, 2019, 25000),
(1879, 45, 2, 2019, 2202000),
(1880, 46, 2, 2019, 56000),
(1881, 47, 2, 2019, 210000),
(1882, 48, 2, 2019, 4369000),
(1883, 49, 2, 2019, 312000),
(1884, 50, 2, 2019, 375000),
(1885, 51, 2, 2019, 140000),
(1886, 52, 2, 2019, 3206000),
(1887, 53, 2, 2019, 160000),
(1888, 54, 2, 2019, 225000),
(1889, 55, 2, 2019, 108000),
(1890, 56, 2, 2019, 6455000),
(1891, 57, 2, 2019, 628000),
(1892, 58, 2, 2019, 240000),
(1893, 59, 2, 2019, 40000),
(1894, 60, 2, 2019, 0);
INSERT INTO `nilai` (`id`, `id_pajak`, `bulan`, `tahun`, `nilai`) VALUES
(1895, 61, 2, 2019, 0),
(1896, 62, 2, 2019, 0),
(1897, 63, 2, 2019, 2585000),
(1898, 64, 2, 2019, 160000),
(1899, 65, 2, 2019, 95000),
(1900, 66, 2, 2019, 15000),
(1901, 67, 2, 2019, 50000),
(1902, 68, 2, 2019, 53635000),
(1903, 69, 2, 2019, 3936000),
(1904, 70, 2, 2019, 9527000),
(1905, 71, 2, 2019, 3295000),
(1906, 72, 2, 2019, 3206000),
(1907, 73, 2, 2019, 4369000),
(1908, 74, 2, 2019, 2202000),
(1909, 75, 2, 2019, 4671000),
(1910, 76, 2, 2019, 0),
(1911, 77, 2, 2019, 0),
(1912, 78, 2, 2019, 0),
(1913, 79, 2, 2019, 5886000),
(1914, 80, 2, 2019, 2452500),
(1915, 81, 2, 2019, 672000),
(1916, 82, 2, 2019, 6594000),
(1917, 83, 2, 2019, 1680000),
(1918, 84, 2, 2019, 1680000),
(1919, 85, 2, 2019, 3276000),
(1920, 86, 2, 2019, 588000),
(1921, 87, 2, 2019, 0),
(1922, 88, 2, 2019, 300000),
(1923, 89, 2, 2019, 100000),
(1924, 90, 2, 2019, 0),
(1925, 91, 2, 2019, 300000),
(1926, 92, 2, 2019, 0),
(1927, 93, 2, 2019, 200000),
(1928, 94, 2, 2019, 300000),
(1929, 95, 2, 2019, 1350000),
(1930, 96, 2, 2019, 1053000),
(1931, 97, 2, 2019, 301000),
(1932, 98, 2, 2019, 13905000),
(1933, 99, 2, 2019, 4578525),
(1934, 100, 2, 2019, 4320000),
(1935, 101, 2, 2019, 1710000),
(1936, 102, 2, 2019, 4039875),
(1937, 103, 2, 2019, 6733125),
(1938, 104, 2, 2019, 3710000),
(1939, 105, 2, 2019, 897750),
(1940, 106, 2, 2019, 0),
(1941, 107, 2, 2019, 180000),
(1942, 108, 2, 2019, 0),
(1943, 109, 2, 2019, 2154600),
(1944, 110, 2, 2019, 0),
(1945, 111, 2, 2019, 5163750),
(1946, 112, 2, 2019, 1113376),
(1947, 113, 2, 2019, 510000),
(1948, 114, 2, 2019, 150000),
(1949, 115, 2, 2019, 1366416),
(1950, 116, 2, 2019, 1771280),
(1951, 117, 2, 2019, 0),
(1952, 118, 2, 2019, 200000),
(1953, 119, 2, 2019, 0),
(1954, 120, 2, 2019, 0),
(1955, 121, 2, 2019, 0),
(1956, 122, 2, 2019, 0),
(1957, 123, 2, 2019, 265120169),
(1958, 124, 2, 2019, 0),
(1959, 125, 2, 2019, 0),
(1960, 126, 2, 2019, 145833333),
(1961, 127, 2, 2019, 40767133),
(1962, 128, 2, 2019, 0),
(1963, 129, 2, 2019, 2596897),
(1964, 130, 2, 2019, 0),
(1965, 131, 2, 2019, 594779),
(1966, 142, 2, 2019, 594779),
(1967, 132, 2, 2019, 26293624),
(1968, 133, 2, 2019, 0),
(1969, 134, 2, 2019, 0),
(1970, 135, 2, 2019, 166147500),
(1971, 136, 2, 2019, 0),
(1972, 137, 2, 2019, 2147483647),
(1973, 138, 2, 2019, 0),
(1974, 139, 2, 2019, 2147483647),
(1975, 140, 2, 2019, 0),
(1976, 141, 2, 2019, 0),
(1977, 1, 3, 2019, 199902505),
(1978, 2, 3, 2019, 5246539),
(1979, 3, 3, 2019, 616500),
(1980, 4, 3, 2019, 35414172),
(1981, 5, 3, 2019, 31155908),
(1982, 6, 3, 2019, 1380000),
(1983, 7, 3, 2019, 5810000),
(1984, 8, 3, 2019, 14124062),
(1985, 9, 3, 2019, 183300392),
(1986, 10, 3, 2019, 0),
(1987, 11, 3, 2019, 99426250),
(1988, 12, 3, 2019, 927085391),
(1989, 13, 3, 2019, 36695000),
(1990, 14, 3, 2019, 19174395),
(1991, 15, 3, 2019, 0),
(1992, 16, 3, 2019, 26811660),
(1993, 17, 3, 2019, 32755965),
(1994, 18, 3, 2019, 11799220),
(1995, 19, 3, 2019, 37774440),
(1996, 20, 3, 2019, 7198345),
(1997, 21, 3, 2019, 1612676),
(1998, 22, 3, 2019, 10861000),
(1999, 23, 3, 2019, 59258822),
(2000, 24, 3, 2019, 30307226),
(2001, 25, 3, 2019, 589120905),
(2002, 26, 3, 2019, 28104000),
(2003, 27, 3, 2019, 956000),
(2004, 28, 3, 2019, 42000),
(2005, 29, 3, 2019, 675000),
(2006, 30, 3, 2019, 356000),
(2007, 31, 3, 2019, 0),
(2008, 32, 3, 2019, 0),
(2009, 33, 3, 2019, 0),
(2010, 34, 3, 2019, 0),
(2011, 35, 3, 2019, 4165500),
(2012, 36, 3, 2019, 64000),
(2013, 37, 3, 2019, 6000),
(2014, 38, 3, 2019, 270000),
(2015, 39, 3, 2019, 92000),
(2016, 40, 3, 2019, 4789500),
(2017, 41, 3, 2019, 120000),
(2018, 42, 3, 2019, 0),
(2019, 43, 3, 2019, 30000),
(2020, 44, 3, 2019, 0),
(2021, 45, 3, 2019, 2170500),
(2022, 46, 3, 2019, 595000),
(2023, 47, 3, 2019, 320000),
(2024, 48, 3, 2019, 4455000),
(2025, 49, 3, 2019, 312000),
(2026, 50, 3, 2019, 375000),
(2027, 51, 3, 2019, 140000),
(2028, 52, 3, 2019, 4000000),
(2029, 53, 3, 2019, 120000),
(2030, 54, 3, 2019, 210000),
(2031, 55, 3, 2019, 60000),
(2032, 56, 3, 2019, 7213000),
(2033, 57, 3, 2019, 664000),
(2034, 58, 3, 2019, 235000),
(2035, 59, 3, 2019, 40000),
(2036, 60, 3, 2019, 458620),
(2037, 61, 3, 2019, 40000),
(2038, 62, 3, 2019, 32000),
(2039, 63, 3, 2019, 2865000),
(2040, 64, 3, 2019, 160000),
(2041, 65, 3, 2019, 115000),
(2042, 66, 3, 2019, 15000),
(2043, 67, 3, 2019, 50000),
(2044, 68, 3, 2019, 56270000),
(2045, 69, 3, 2019, 4165500),
(2046, 70, 3, 2019, 10691000),
(2047, 71, 3, 2019, 3755000),
(2048, 72, 3, 2019, 4000000),
(2049, 73, 3, 2019, 4455000),
(2050, 74, 3, 2019, 2170500),
(2051, 75, 3, 2019, 4789500),
(2052, 76, 3, 2019, 0),
(2053, 77, 3, 2019, 0),
(2054, 78, 3, 2019, 458620),
(2055, 79, 3, 2019, 6750000),
(2056, 80, 3, 2019, 2790000),
(2057, 81, 3, 2019, 672000),
(2058, 82, 3, 2019, 6972000),
(2059, 83, 3, 2019, 1680000),
(2060, 84, 3, 2019, 1260000),
(2061, 85, 3, 2019, 3276000),
(2062, 86, 3, 2019, 5796000),
(2063, 87, 3, 2019, 0),
(2064, 88, 3, 2019, 300000),
(2065, 89, 3, 2019, 0),
(2066, 90, 3, 2019, 0),
(2067, 91, 3, 2019, 300000),
(2068, 92, 3, 2019, 250000),
(2069, 93, 3, 2019, 200000),
(2070, 94, 3, 2019, 300000),
(2071, 95, 3, 2019, 1050000),
(2072, 96, 3, 2019, 1228500),
(2073, 97, 3, 2019, 150500),
(2074, 98, 3, 2019, 18225000),
(2075, 99, 3, 2019, 4847850),
(2076, 100, 3, 2019, 4230000),
(2077, 101, 3, 2019, 2070000),
(2078, 102, 3, 2019, 3770550),
(2079, 103, 3, 2019, 6733125),
(2080, 104, 3, 2019, 5760000),
(2081, 105, 3, 2019, 897750),
(2082, 106, 3, 2019, 0),
(2083, 107, 3, 2019, 180000),
(2084, 108, 3, 2019, 646380),
(2085, 109, 3, 2019, 2154600),
(2086, 110, 3, 2019, 0),
(2087, 111, 3, 2019, 4799250),
(2088, 112, 3, 2019, 1163984),
(2089, 113, 3, 2019, 510000),
(2090, 114, 3, 2019, 150000),
(2091, 115, 3, 2019, 759120),
(2092, 116, 3, 2019, 1771280),
(2093, 117, 3, 2019, 0),
(2094, 118, 3, 2019, 200000),
(2095, 119, 3, 2019, 364377),
(2096, 120, 3, 2019, 0),
(2097, 121, 3, 2019, 0),
(2098, 122, 3, 2019, 0),
(2099, 123, 3, 2019, 415821070),
(2100, 124, 3, 2019, 92054795),
(2101, 125, 3, 2019, 0),
(2102, 126, 3, 2019, 135416667),
(2103, 127, 3, 2019, 46027397),
(2104, 128, 3, 2019, 0),
(2105, 129, 3, 2019, 17044524),
(2106, 130, 3, 2019, 0),
(2107, 131, 3, 2019, 21868724),
(2108, 142, 3, 2019, 21868724),
(2109, 132, 3, 2019, 19140959),
(2110, 133, 3, 2019, 2147483647),
(2111, 134, 3, 2019, 2147483647),
(2112, 135, 3, 2019, 2147483647),
(2113, 136, 3, 2019, 40811294),
(2114, 137, 3, 2019, 0),
(2115, 138, 3, 2019, 2147483647),
(2116, 139, 3, 2019, 0),
(2117, 140, 3, 2019, 0),
(2118, 141, 3, 2019, 0);

-- --------------------------------------------------------

--
-- Table structure for table `pajak`
--

CREATE TABLE `pajak` (
  `id` int(11) NOT NULL,
  `id_kategori` int(11) NOT NULL,
  `nama` varchar(100) NOT NULL
) ENGINE=InnoDB DEFAULT CHARSET=latin1;

--
-- Dumping data for table `pajak`
--

INSERT INTO `pajak` (`id`, `id_kategori`, `nama`) VALUES
(1, 1, 'Hotel Bintang Empat'),
(2, 1, 'Hotel Bintang Dua'),
(3, 1, 'Hotel Bintang Satu'),
(4, 1, 'Hotel Melati Tiga'),
(5, 1, 'Hotel Melati Dua'),
(6, 1, 'Hotel Melati Satu'),
(7, 1, 'Losmen/Rumah Penginapan/Pesanggraha/Hostel/Rumah Kos'),
(8, 2, 'Restoran'),
(9, 2, 'Rumah Makan'),
(10, 3, 'Pagelaran Kesenian/Musik/Tari/Busana'),
(11, 4, 'Reklame Papan/Bill Board/Videotron/Megatron'),
(12, 5, 'Pajak Penerangan Jalan PLN'),
(13, 6, 'Pajak Parkir'),
(14, 7, 'Pajak Air Tanah'),
(15, 8, 'Pajak Sarang Burung Walet'),
(16, 9, 'Tanah Liat'),
(17, 9, 'Batu Bangunan (Batu Gunung, Batu Kali)'),
(18, 9, 'Kerikil'),
(19, 9, 'Pasir Pasang'),
(20, 9, 'Pasir Urug'),
(21, 9, 'Sirtu'),
(22, 9, 'Tanah Urug'),
(23, 10, 'Perdesaan'),
(24, 10, 'Perkotaan'),
(25, 11, 'Bea Perolehan Hak Atas Tanah dan Bangunan'),
(26, 12, 'Sampah Pasar Seketeng - Pelataran'),
(27, 12, 'Sampah Pasar Seketeng - Petak Los'),
(28, 12, 'Sampah Pasar Seketeng - Toko'),
(29, 12, 'Sampah Pasar Seketeng - Kios Permanen'),
(30, 12, 'Sampah Pasar Seketeng - Kios Sederhana'),
(31, 12, 'Sampah Pasar Brang Bara - Pelataran'),
(32, 12, 'Sampah Pasar Brang Bara - Petak Los'),
(33, 12, 'Sampah Pasar Brang Bara - Kios Permanen'),
(34, 12, 'Sampah Pasar Brang Bara - Kios Sederhana'),
(35, 12, 'Sampah Pasar Brang Biji - Pelataran'),
(36, 12, 'Sampah Pasar Brang Biji - Petak Los'),
(37, 12, 'Sampah Pasar Brang Biji - Toko'),
(38, 12, 'Sampah Pasar Brang Biji - Kios Permanen'),
(39, 12, 'Sampah Pasar Brang Biji - Kios Sederhana'),
(40, 12, 'Sampah Pasar Lab. Sumbawa- Pelataran'),
(41, 12, 'Sampah Pasar Lab. Sumbawa- Kios Permanen'),
(42, 12, 'Sampah Pasar Lenangguar- Pelataran'),
(43, 12, 'Sampah Pasar Lenangguar- Kios Permanen'),
(44, 12, 'Sampah Pasar Lenangguar- Kios Sederhana'),
(45, 12, 'Sampah Pasar Empang- Pelataran'),
(46, 12, 'Sampah Pasar Empang- Petak Los'),
(47, 12, 'Sampah Pasar Empang- Kios Permanen'),
(48, 12, 'Sampah Pasar Plampang - Pelataran'),
(49, 12, 'Sampah Pasar Plampang - Petak Los'),
(50, 12, 'Sampah Pasar Plampang - Kios Permanen'),
(51, 12, 'Sampah Pasar Plampang - Kios Sederhana'),
(52, 12, 'Sampah Pasar Langam- Pelataran'),
(53, 12, 'Sampah Pasar Langam- Petak Los'),
(54, 12, 'Sampah Pasar Langam- Kios Permanen'),
(55, 12, 'Sampah Pasar Langam- Kios Sederhana'),
(56, 12, 'Sampah Pasar Alas- Pelataran'),
(57, 12, 'Sampah Pasar Alas- Petak Los'),
(58, 12, 'Sampah Pasar Alas- Kios Permanen'),
(59, 12, 'Sampah Pasar Alas- Kios Sederhana'),
(60, 12, 'Sampah Pasar Pernang- Pelataran'),
(61, 12, 'Sampah Pasar Pernang- Kios Permanen'),
(62, 12, 'Sampah Pasar Pernang- Kios Sederhana'),
(63, 12, 'Sampah Pasar Utan- Pelataran'),
(64, 12, 'Sampah Pasar Utan- Petak Los'),
(65, 12, 'Sampah Pasar Utan- Kios Permanen'),
(66, 12, 'Sampah Pasar Utan- Kios Sederhana'),
(67, 12, 'Sampah Pasar Labangka- Kios Permanen'),
(68, 13, 'Peralatan - Pasar Seketeng'),
(69, 13, 'Peralatan - Pasar Brang Biji'),
(70, 13, 'Peralatan - Pasar Alas'),
(71, 13, 'Peralatan - Pasar Utan'),
(72, 13, 'Peralatan - Pasar Langam'),
(73, 13, 'Peralatan - Pasar Plampang'),
(74, 13, 'Peralatan - Pasar Empang'),
(75, 13, 'Peralatan - Pasar Lab.Sumbawa'),
(76, 13, 'Peralatan - Pasar Brang Bara'),
(77, 13, 'Peralatan - Pasar Lenangguar'),
(78, 13, 'Peralatan - Pasar Pernang'),
(79, 13, 'Petak Los - Pasar Seketeng 2 x 3 M'),
(80, 13, 'Petak Los - Pasar Seketeng 2 x 1.25 M'),
(81, 13, 'Petak Los - Pasar Brang Biji'),
(82, 13, 'Petak Los - Pasar Alas'),
(83, 13, 'Petak Los - Pasar Utan'),
(84, 13, 'Petak Los - Pasar Langam'),
(85, 13, 'Petak Los - Pasar Plampang'),
(86, 13, 'Petak Los - Pasar Empang'),
(87, 13, 'Petak Los - Pasar Brang Bara'),
(88, 14, 'MCK Pasar Brang Biji'),
(89, 14, 'MCK Pasar Lab. Sumbawa'),
(90, 14, 'MCK Pasar Utan'),
(91, 14, 'MCK Pasar Alas'),
(92, 14, 'MCK Pasar Langam'),
(93, 14, 'MCK Pasar Plampang'),
(94, 14, 'MCK Pasar Empang'),
(95, 14, 'MCK Pasar Seketeng'),
(96, 15, 'Toko Pasar Seketeng'),
(97, 15, 'Toko Pasar Brang Biji'),
(98, 15, 'Kios Permanen - Pasar Seketeng'),
(99, 15, 'Kios Permanen - Pasar Brang Biji'),
(100, 15, 'Kios Permanen - Pasar Alas'),
(101, 15, 'Kios Permanen - Pasar Utan'),
(102, 15, 'Kios Permanen - Pasar Langam'),
(103, 15, 'Kios Permanen - Pasar Plampang'),
(104, 15, 'Kios Permanen - Pasar Empang'),
(105, 15, 'Kios Permanen - Pasar Labangka'),
(106, 15, 'Kios Permanen - Pasar Brang bara'),
(107, 15, 'Kios Permanen - Pasar Lenangguar'),
(108, 15, 'Kios Permanen - Pasar Perenang'),
(109, 15, 'Kios Permanen - Pasar Lab. Sumbawa'),
(110, 15, 'Kios Permanen - Pantai Goa'),
(111, 15, 'Kios Sederhana - Pasar Seketeng'),
(112, 15, 'Kios Sederhana - Pasar Brang Biji'),
(113, 15, 'Kios Sederhana - Pasar Alas'),
(114, 15, 'Kios Sederhana - Pasar Utan'),
(115, 15, 'Kios Sederhana - Pasar Langam'),
(116, 15, 'Kios Sederhana - Pasar Plampang'),
(117, 15, 'Kios Sederhana - Pasar Brang Bara'),
(118, 15, 'Kios Sederhana - Pasar Lenangguar'),
(119, 15, 'Kios Sederhana - Pasar Perenang'),
(120, 16, 'Empang'),
(121, 17, 'PT. Bank NTB'),
(122, 17, 'PD. BPR-LKP Taliwang'),
(123, 18, 'Jasa Giro Kas Daerah PT. Bank NTB'),
(124, 19, 'Rekening Deposito Pada Bank BNI Cabang Sumbawa - Bunga Deposito BNI'),
(125, 19, 'Rekening Deposito Pada Bank BNI Cabang Sumbawa - Bunga DOC BNI'),
(126, 19, 'Rekening Deposito Pada Bank PT. Bank NTB Cabang Sumbawa'),
(127, 19, 'Rekening Deposito Pada Bank Bank BRI Cabang Sumbawa'),
(128, 19, 'Rekening Deposito Pada PT. Bank NTB Syariah Cabang Sumbawa'),
(129, 20, 'Kerugian Uang Daerah'),
(130, 21, 'Bidang Kesehatan'),
(131, 21, 'Bidang Pekerjaan Umum'),
(132, 22, 'Pendapatan Dari Pengembalian Sisa Belanja'),
(133, 23, 'Bagi Hasil Dari Pajak Kendaraan Bermotor'),
(134, 23, 'Bagi Hasil Dari Bea Balik Nama Kendaraan Bermotor'),
(135, 23, 'Bagi Hasil Dari Pajak Bahan Bakar Kendaraan Bermotor'),
(136, 23, 'Bagi Hasil Dari Pajak Air Permukaan'),
(137, 23, 'Bagi Hasil Dari Pajak Rokok'),
(138, 24, 'Dana Insentif Daerah'),
(139, 24, 'Dana Desa'),
(140, 25, 'Bantuan Keuangan Dari Provinsi NTB'),
(141, 26, 'Pendapatan Lainnya'),
(142, 21, 'Bidang Perumahan Rakyat');

-- --------------------------------------------------------

--
-- Table structure for table `pegawai`
--

CREATE TABLE `pegawai` (
  `id` int(11) NOT NULL,
  `nama` varchar(70) NOT NULL,
  `tempat_lahir` varchar(50) NOT NULL,
  `tanggal_lahir` date NOT NULL,
  `agama` varchar(20) NOT NULL,
  `jenis_kelamin` varchar(10) DEFAULT NULL,
  `alamat` text DEFAULT NULL,
  `status_kawin` varchar(20) NOT NULL,
  `no_hp` varchar(20) DEFAULT NULL,
  `pendidikan_terakhir` varchar(10) NOT NULL,
  `type_pegawai` varchar(50) DEFAULT NULL,
  `jabatan` varchar(50) DEFAULT NULL,
  `parent` int(11) DEFAULT 0,
  `devisi` varchar(50) DEFAULT NULL,
  `nip` varchar(50) DEFAULT NULL,
  `pangkat_golongan` varchar(50) DEFAULT NULL,
  `facebook` varchar(100) DEFAULT NULL,
  `twitter` varchar(100) DEFAULT NULL,
  `instagram` varchar(100) DEFAULT NULL,
  `foto` varchar(200) DEFAULT NULL
) ENGINE=InnoDB DEFAULT CHARSET=latin1;

-- --------------------------------------------------------

--
-- Table structure for table `penduduk`
--

CREATE TABLE `penduduk` (
  `id` int(11) NOT NULL,
  `nik` int(11) NOT NULL,
  `nama` int(11) NOT NULL,
  `tempat_lahir` int(11) NOT NULL,
  `tanggal_lahir` int(11) NOT NULL,
  `jenis_kelamin` int(11) NOT NULL,
  `umur` int(11) NOT NULL,
  `akta_kelahiran` int(11) NOT NULL,
  `nomor_akta_kelahiran` int(11) NOT NULL,
  `golongan_darah` int(11) NOT NULL,
  `agama` int(11) NOT NULL,
  `status_kawin` int(11) NOT NULL,
  `akta_kawin` int(11) NOT NULL,
  `nomor_akta_kawin` int(11) NOT NULL,
  `akta_cerai` int(11) DEFAULT NULL
) ENGINE=InnoDB DEFAULT CHARSET=latin1;

-- --------------------------------------------------------

--
-- Table structure for table `pengaduan`
--

CREATE TABLE `pengaduan` (
  `id` int(11) NOT NULL,
  `nama_pengadu` varchar(200) NOT NULL,
  `email` varchar(200) DEFAULT NULL,
  `judul_pengaduan` varchar(200) NOT NULL,
  `isi` text NOT NULL,
  `tanggal` date NOT NULL,
  `status` int(11) DEFAULT 0
) ENGINE=InnoDB DEFAULT CHARSET=latin1;

--
-- Dumping data for table `pengaduan`
--

INSERT INTO `pengaduan` (`id`, `nama_pengadu`, `email`, `judul_pengaduan`, `isi`, `tanggal`, `status`) VALUES
(1, 'kjkjkj', '537.mardinata@gmail.com', 'kk', 'kk', '2019-08-07', 0);

-- --------------------------------------------------------

--
-- Table structure for table `pengumuman`
--

CREATE TABLE `pengumuman` (
  `id` int(11) NOT NULL,
  `nama` varchar(100) NOT NULL,
  `file` varchar(500) DEFAULT NULL,
  `link_file` varchar(500) DEFAULT NULL
) ENGINE=InnoDB DEFAULT CHARSET=latin1;

--
-- Dumping data for table `pengumuman`
--

INSERT INTO `pengumuman` (`id`, `nama`, `file`, `link_file`) VALUES
(26, 'SUKSESKAN PEMILU SERENTAK TAHUN 2019, PASTIKAN DIRI ANDA TERDAFTAR', '', ''),
(28, 'PENGUMUMAN HASIL PENERIMAAN LPSDK PESERTA PEMILIHAN UMUM TAHUN 2019', '', 'https://kpu-sumbawakab.go.id/berita/id/139/pengumuman-hasil-penerimaan-lpsdk-peserta-pemilihan-umum-tahun-2019.html'),
(29, 'PENGUMUMAN PENERIMAAN RELAWAN DEMOKRASI PEMILU TAHUN 2019', '', 'https://kpu-sumbawakab.go.id/berita/id/140/penerimaan-relawn-demokrasi-pemilu-tahun-2019.html');

-- --------------------------------------------------------

--
-- Table structure for table `peta`
--

CREATE TABLE `peta` (
  `id` int(11) NOT NULL,
  `id_kategori_peta` int(11) NOT NULL,
  `judul` varchar(100) NOT NULL,
  `foto` varchar(225) NOT NULL
) ENGINE=InnoDB DEFAULT CHARSET=latin1;

--
-- Dumping data for table `peta`
--

INSERT INTO `peta` (`id`, `id_kategori_peta`, `judul`, `foto`) VALUES
(16, 10, 'Operasi Katarak', '/assets/konten/files/kegiatan/54207539_397410610807928_6640382506086432768_n.jpg'),
(17, 12, 'd', '/skpd2/assets/konten/files/thum_berita/070054300_1540466177-Pemilu_2019.jpg'),
(18, 15, 'kj', '/skpd2/assets/konten/files/galeri/8957d251b0d0605.jpg'),
(19, 16, 'njkh', '/skpd2/assets/konten/files/thum_berita/bg.JPG'),
(20, 16, 'nn', '/skpd2/assets/konten/files/thum_berita/background3(1).jpg');

-- --------------------------------------------------------

--
-- Table structure for table `poling`
--

CREATE TABLE `poling` (
  `id` int(11) NOT NULL,
  `value` varchar(2) NOT NULL
) ENGINE=InnoDB DEFAULT CHARSET=latin1;

-- --------------------------------------------------------

--
-- Table structure for table `profil`
--

CREATE TABLE `profil` (
  `id` int(11) NOT NULL,
  `judul` varchar(100) NOT NULL,
  `isi` text NOT NULL,
  `status` enum('0','1') NOT NULL DEFAULT '1'
) ENGINE=InnoDB DEFAULT CHARSET=latin1;

--
-- Dumping data for table `profil`
--

INSERT INTO `profil` (`id`, `judul`, `isi`, `status`) VALUES
(10, 'Sejarah', '<p>-</p>\r\n', '1'),
(11, 'Sambutan Kepala Dinas', '<p>-</p>\r\n', '1'),
(15, 'Visi dan Misi', '<p style=\"margin-left:27pt\"><span style=\"font-size:24px\"><strong>Visi&nbsp;&nbsp;&nbsp; : </strong></span></p>\r\n\r\n<p style=\"margin-left:27pt\"><span style=\"font-size:12px\">Mewujudkan Badan Pendapatan Daerah sebagai pengelola pendapatan daerah yang unggul</span></p>\r\n\r\n<p style=\"margin-left:27.0pt\">&nbsp;</p>\r\n\r\n<p style=\"margin-left:27pt\"><span style=\"font-size:24px\"><strong>Misi&nbsp;&nbsp; : </strong></span></p>\r\n\r\n<p style=\"margin-left:27pt\">1. <span style=\"font-size:12px\">Meningkatkan integritas dan profesionalitas ASN Bapenda;</span></p>\r\n\r\n<p style=\"margin-left:27pt\"><span style=\"font-size:12px\">2. Meningkatkan kualitas pelayanan pada Bapenda;</span></p>\r\n\r\n<p style=\"margin-left:27pt\"><span style=\"font-size:12px\">3. Melaksanakan pengelolaan Pendapatan PBB-P2 dan BPHTB secara optimal;</span></p>\r\n\r\n<p style=\"margin-left:27pt\"><span style=\"font-size:12px\">4. Melaksanakan pengelolaan Pendapatan Pajak Daerah Lainnya secara optimal;</span></p>\r\n\r\n<p style=\"margin-left:27pt\"><span style=\"font-size:12px\">5. Melaksanakan pengelolaan Pasar secara optimal;</span></p>\r\n\r\n<p style=\"margin-left:27pt\"><span style=\"font-size:12px\">6. Melaksanakan Pengendalian, Pengembangan, Pembukuan dan Pelaporan dan Koordinasi Dana Perimbangan,</span></p>\r\n\r\n<p style=\"margin-left:27pt\"><span style=\"font-size:12px\">&nbsp;&nbsp;&nbsp; Retribusi Daerah Pendapatan Daerah Lainnya yang sah secara optimal.</span></p>\r\n', '1');

-- --------------------------------------------------------

--
-- Table structure for table `profil_web`
--

CREATE TABLE `profil_web` (
  `id` int(11) NOT NULL,
  `nama` varchar(100) DEFAULT NULL,
  `deskripsi` text DEFAULT NULL,
  `keyword` text DEFAULT NULL,
  `url` varchar(50) DEFAULT NULL,
  `alamat` text DEFAULT NULL,
  `email` varchar(100) DEFAULT NULL,
  `telp` varchar(20) DEFAULT NULL,
  `facebook` varchar(50) DEFAULT NULL,
  `twitter` varchar(50) DEFAULT NULL,
  `instagram` varchar(50) DEFAULT NULL,
  `googleplus` varchar(50) DEFAULT NULL,
  `youtube` varchar(50) DEFAULT NULL,
  `googlemap` varchar(500) DEFAULT NULL,
  `bg` varchar(500) NOT NULL,
  `logo` varchar(100) DEFAULT NULL
) ENGINE=InnoDB DEFAULT CHARSET=latin1;

--
-- Dumping data for table `profil_web`
--

INSERT INTO `profil_web` (`id`, `nama`, `deskripsi`, `keyword`, `url`, `alamat`, `email`, `telp`, `facebook`, `twitter`, `instagram`, `googleplus`, `youtube`, `googlemap`, `bg`, `logo`) VALUES
(2, 'Badan Pendapatan Daerah', 'Lorem Ipsum is simply dummy text of the printing and typesetting industry. Lorem Ipsum has been the industry\'s standard dummy text ever since the 1500s, when an unknown printer took a galley of type and scrambled it to make a type specimen book. It has survived not only five centuries, but also the leap into electronic typesetting, remaining essentially unchanged. It was popularised in the 1960s with the release of Letraset sheets containing Lorem Ipsum passages, and more recently with desktop publishing software like Aldus PageMaker including versions of Lorem Ipsum.', 'Bapenda', 'http://Bapenda.sumbawakab.go.id/', 'Jln Hasanuddin no 1 Sumbawa Besar ', 'bapendakabsumbawa2019@gmail.com', '(0371) 2620780', '#', '#', '#', NULL, 'https://yt3.ggpht.com/-n33tQG2tjYs/AAAAAAAAAAI/AAA', 'https://www.google.com/maps/embed?pb=!1m18!1m12!1m3!1d3946.0075214908798!2d117.42154641409341!3d-8.498648388368453!2m3!1f0!2f0!3f0!3m2!1i1024!2i768!4f13.1!3m3!1m2!1s0x2dcb933085c26ddd%3A0x2b35e9001bdd44fd!2sBadan+Pendapatan+Daerah!5e0!3m2!1sid!2sid!4v1556071305709!5m2!1sid!2sid', '/skpd2/assets/konten/files/thum_berita/bg.JPG', '/skpd2/assets/konten/files/logo/logo-sumbawa-black.png');

-- --------------------------------------------------------

--
-- Table structure for table `sambutan`
--

CREATE TABLE `sambutan` (
  `id` int(11) NOT NULL,
  `nama` varchar(100) NOT NULL,
  `jabatan` varchar(200) NOT NULL,
  `isi` text NOT NULL,
  `foto` varchar(500) NOT NULL
) ENGINE=InnoDB DEFAULT CHARSET=latin1;

--
-- Dumping data for table `sambutan`
--

INSERT INTO `sambutan` (`id`, `nama`, `jabatan`, `isi`, `foto`) VALUES
(3, 'Drs. H. Hasan Basri, MM', 'Kepala Badan Pendapatan Daerah Kabupaten Sumbawa', '<p>-</p>\r\n', '/skpd4/assets/konten/files/thum_berita/3122587-le-footballeur-du-fc-barcelone-neymar-po-950x0-1.jpg');

-- --------------------------------------------------------

--
-- Table structure for table `slider`
--

CREATE TABLE `slider` (
  `id` int(11) NOT NULL,
  `judul` varchar(100) NOT NULL,
  `foto` varchar(225) NOT NULL
) ENGINE=InnoDB DEFAULT CHARSET=latin1;

--
-- Dumping data for table `slider`
--

INSERT INTO `slider` (`id`, `judul`, `foto`) VALUES
(12, 'TES', '/skpd2/assets/konten/files/thum_berita/bg.JPG');

-- --------------------------------------------------------

--
-- Table structure for table `target`
--

CREATE TABLE `target` (
  `id` int(11) NOT NULL,
  `id_pajak` int(11) NOT NULL,
  `tahun` int(4) NOT NULL,
  `target` decimal(25,0) NOT NULL
) ENGINE=InnoDB DEFAULT CHARSET=latin1;

--
-- Dumping data for table `target`
--

INSERT INTO `target` (`id`, `id_pajak`, `tahun`, `target`) VALUES
(1, 1, 2018, '3330000000'),
(2, 2, 2018, '120000000'),
(3, 3, 2018, '12000000'),
(4, 4, 2018, '453000000'),
(5, 5, 2018, '200000000'),
(6, 6, 2018, '34000000'),
(7, 7, 2018, '51000000'),
(8, 8, 2018, '250074600'),
(9, 9, 2018, '1272925400'),
(10, 10, 2018, '2000000'),
(11, 11, 2018, '650000000'),
(12, 12, 2018, '9826000000'),
(13, 13, 2018, '150000000'),
(14, 14, 2018, '120000000'),
(15, 15, 2018, '24000000'),
(16, 16, 2018, '84000000'),
(17, 17, 2018, '770000000'),
(18, 18, 2018, '496000000'),
(19, 19, 2018, '385000000'),
(20, 20, 2018, '200000000'),
(21, 21, 2018, '468000000'),
(22, 22, 2018, '400000000'),
(23, 23, 2018, '4055282857'),
(24, 24, 2018, '2244717143'),
(25, 25, 2018, '2400000000'),
(26, 26, 2018, '345390000'),
(27, 27, 2018, '11232000'),
(28, 28, 2018, '432000'),
(29, 29, 2018, '7140000'),
(30, 30, 2018, '4848000'),
(31, 31, 2018, '3132000'),
(32, 32, 2018, '288000'),
(33, 33, 2018, '600000'),
(34, 34, 2018, '960000'),
(35, 35, 2018, '41760000'),
(36, 36, 2018, '1584000'),
(37, 37, 2018, '144000'),
(38, 38, 2018, '3540000'),
(39, 39, 2018, '912000'),
(40, 40, 2018, '34800000'),
(41, 41, 2018, '1080000'),
(42, 42, 2018, '696000'),
(43, 43, 2018, '300000'),
(44, 44, 2018, '192000'),
(45, 45, 2018, '60900000'),
(46, 46, 2018, '2688000'),
(47, 47, 2018, '6000000'),
(48, 48, 2018, '52200000'),
(49, 49, 2018, '3168000'),
(50, 50, 2018, '4500000'),
(51, 51, 2018, '1536000'),
(52, 52, 2018, '47676000'),
(53, 53, 2018, '2496000'),
(54, 54, 2018, '1800000'),
(55, 55, 2018, '1824000'),
(56, 56, 2018, '139200000'),
(57, 57, 2018, '6144000'),
(58, 58, 2018, '1560000'),
(59, 59, 2018, '768000'),
(60, 60, 2018, '6090000'),
(61, 61, 2018, '300000'),
(62, 62, 2018, '240000'),
(63, 63, 2018, '54810000'),
(64, 64, 2018, '1968000'),
(65, 65, 2018, '1260000'),
(66, 66, 2018, '96000'),
(67, 67, 2018, '360000'),
(68, 68, 2018, '690780000'),
(69, 69, 2018, '41760000'),
(70, 70, 2018, '139200000'),
(71, 71, 2018, '54810000'),
(72, 72, 2018, '47676000'),
(73, 73, 2018, '52200000'),
(74, 74, 2018, '60900000'),
(75, 75, 2018, '34800000'),
(76, 76, 2018, '3132000'),
(77, 77, 2018, '696000'),
(78, 78, 2018, '6090000'),
(79, 79, 2018, '88128000'),
(80, 80, 2018, '26460000'),
(81, 81, 2018, '16632000'),
(82, 82, 2018, '64512000'),
(83, 83, 2018, '20664000'),
(84, 84, 2018, '26208000'),
(85, 85, 2018, '33264000'),
(86, 86, 2018, '28224000'),
(87, 87, 2018, '3024000'),
(88, 88, 2018, '6012000'),
(89, 89, 2018, '1200000'),
(90, 90, 2018, '3600000'),
(91, 91, 2018, '3600000'),
(92, 92, 2018, '2400000'),
(93, 93, 2018, '7200000'),
(94, 94, 2018, '4200000'),
(95, 95, 2018, '28812000'),
(96, 96, 2018, '12636000'),
(97, 97, 2018, '3612600'),
(98, 98, 2018, '192780000'),
(99, 99, 2018, '63560700'),
(100, 100, 2018, '28009800'),
(101, 101, 2018, '22623300'),
(102, 102, 2018, '32319000'),
(103, 103, 2018, '80797500'),
(104, 104, 2018, '62483400'),
(105, 105, 2018, '6463800'),
(106, 106, 2018, '10773000'),
(107, 107, 2018, '5386500'),
(108, 108, 2018, '5386500'),
(109, 109, 2018, '19391400'),
(110, 110, 2018, '19776000'),
(111, 111, 2018, '73629000'),
(112, 112, 2018, '11538624'),
(113, 113, 2018, '9716736'),
(114, 114, 2018, '1214592'),
(115, 115, 2018, '23077248'),
(116, 116, 2018, '19433472'),
(117, 117, 2018, '12145920'),
(118, 118, 2018, '2429184'),
(119, 119, 2018, '3036480'),
(120, 120, 2018, '6000000'),
(121, 121, 2018, '18105103790'),
(122, 122, 2018, '1994700121'),
(123, 123, 2018, '3875000000'),
(124, 124, 2018, '1415000000'),
(125, 125, 2018, '85000000'),
(126, 126, 2018, '4100000000'),
(127, 127, 2018, '0'),
(128, 128, 2018, '50000000'),
(129, 129, 2018, '0'),
(130, 130, 2018, '0'),
(131, 131, 2018, '0'),
(132, 132, 2018, '0'),
(133, 133, 2018, '9981000000'),
(134, 134, 2018, '8621834518'),
(135, 135, 2018, '15173828425'),
(136, 136, 2018, '40370000'),
(137, 137, 2018, '23710961642'),
(138, 138, 2018, '27750000000'),
(139, 139, 2018, '123909787000'),
(140, 140, 2018, '9575280'),
(141, 141, 2018, '0'),
(142, 1, 2019, '3330000000'),
(143, 2, 2019, '120000000'),
(144, 3, 2019, '12000000'),
(145, 4, 2019, '453000000'),
(146, 5, 2019, '200000000'),
(147, 6, 2019, '34000000'),
(148, 7, 2019, '51000000'),
(149, 8, 2019, '250074600'),
(150, 9, 2019, '1272925400'),
(151, 10, 2019, '2000000'),
(152, 11, 2019, '650000000'),
(153, 12, 2019, '9826000000'),
(154, 13, 2019, '150000000'),
(155, 14, 2019, '120000000'),
(156, 15, 2019, '24000000'),
(157, 16, 2019, '84000000'),
(158, 17, 2019, '770000000'),
(159, 18, 2019, '496000000'),
(160, 19, 2019, '385000000'),
(161, 20, 2019, '200000000'),
(162, 21, 2019, '468000000'),
(163, 22, 2019, '400000000'),
(164, 23, 2019, '4055282857'),
(165, 24, 2019, '2244717143'),
(166, 25, 2019, '2400000000'),
(167, 26, 2019, '345390000'),
(168, 27, 2019, '11232000'),
(169, 28, 2019, '432000'),
(170, 29, 2019, '7140000'),
(171, 30, 2019, '4848000'),
(172, 31, 2019, '3132000'),
(173, 32, 2019, '288000'),
(174, 33, 2019, '600000'),
(175, 34, 2019, '960000'),
(176, 35, 2019, '41760000'),
(177, 36, 2019, '1584000'),
(178, 37, 2019, '144000'),
(179, 38, 2019, '3540000'),
(180, 39, 2019, '912000'),
(181, 40, 2019, '34800000'),
(182, 41, 2019, '1080000'),
(183, 42, 2019, '696000'),
(184, 43, 2019, '300000'),
(185, 44, 2019, '192000'),
(186, 45, 2019, '60900000'),
(187, 46, 2019, '2688000'),
(188, 47, 2019, '6000000'),
(189, 48, 2019, '52200000'),
(190, 49, 2019, '3168000'),
(191, 50, 2019, '4500000'),
(192, 51, 2019, '1536000'),
(193, 52, 2019, '47676000'),
(194, 53, 2019, '2496000'),
(195, 54, 2019, '1800000'),
(196, 55, 2019, '1824000'),
(197, 56, 2019, '139200000'),
(198, 57, 2019, '6144000'),
(199, 58, 2019, '1560000'),
(200, 59, 2019, '768000'),
(201, 60, 2019, '6090000'),
(202, 61, 2019, '300000'),
(203, 62, 2019, '240000'),
(204, 63, 2019, '54810000'),
(205, 64, 2019, '1968000'),
(206, 65, 2019, '1260000'),
(207, 66, 2019, '96000'),
(208, 67, 2019, '360000'),
(209, 68, 2019, '690780000'),
(210, 69, 2019, '41760000'),
(211, 70, 2019, '139200000'),
(212, 71, 2019, '54810000'),
(213, 72, 2019, '47676000'),
(214, 73, 2019, '52200000'),
(215, 74, 2019, '60900000'),
(216, 75, 2019, '34800000'),
(217, 76, 2019, '3132000'),
(218, 77, 2019, '696000'),
(219, 78, 2019, '6090000'),
(220, 79, 2019, '88128000'),
(221, 80, 2019, '26460000'),
(222, 81, 2019, '16632000'),
(223, 82, 2019, '64512000'),
(224, 83, 2019, '20664000'),
(225, 84, 2019, '26208000'),
(226, 85, 2019, '33264000'),
(227, 86, 2019, '28224000'),
(228, 87, 2019, '3024000'),
(229, 88, 2019, '6012000'),
(230, 89, 2019, '1200000'),
(231, 90, 2019, '3600000'),
(232, 91, 2019, '3600000'),
(233, 92, 2019, '2400000'),
(234, 93, 2019, '7200000'),
(235, 94, 2019, '4200000'),
(236, 95, 2019, '28812000'),
(237, 96, 2019, '12636000'),
(238, 97, 2019, '3612600'),
(239, 98, 2019, '192780000'),
(240, 99, 2019, '63560700'),
(241, 100, 2019, '28009800'),
(242, 101, 2019, '22623300'),
(243, 102, 2019, '32319000'),
(244, 103, 2019, '80797500'),
(245, 104, 2019, '62483400'),
(246, 105, 2019, '6463800'),
(247, 106, 2019, '10773000'),
(248, 107, 2019, '5386500'),
(249, 108, 2019, '5386500'),
(250, 109, 2019, '19391400'),
(251, 110, 2019, '19776000'),
(252, 111, 2019, '73629000'),
(253, 112, 2019, '11538624'),
(254, 113, 2019, '9716736'),
(255, 114, 2019, '1214592'),
(256, 115, 2019, '23077248'),
(257, 116, 2019, '19433472'),
(258, 117, 2019, '12145920'),
(259, 118, 2019, '2429184'),
(260, 119, 2019, '3036480'),
(261, 120, 2019, '6000000'),
(262, 121, 2019, '18105103790'),
(263, 122, 2019, '1994700121'),
(264, 123, 2019, '3875000000'),
(265, 124, 2019, '1415000000'),
(266, 125, 2019, '85000000'),
(267, 126, 2019, '4100000000'),
(268, 127, 2019, '0'),
(269, 128, 2019, '50000000'),
(270, 129, 2019, '0'),
(271, 130, 2019, '0'),
(272, 131, 2019, '0'),
(273, 142, 2019, '0'),
(274, 132, 2019, '0'),
(275, 133, 2019, '9981000000'),
(276, 134, 2019, '8621834518'),
(277, 135, 2019, '15173828425'),
(278, 136, 2019, '40370000'),
(279, 137, 2019, '23710961642'),
(280, 138, 2019, '27750000000'),
(281, 139, 2019, '123909787000'),
(282, 140, 2019, '9575280'),
(283, 141, 2019, '0');

-- --------------------------------------------------------

--
-- Table structure for table `tweb_cacat`
--

CREATE TABLE `tweb_cacat` (
  `id` int(10) UNSIGNED NOT NULL,
  `nama` varchar(100) NOT NULL
) ENGINE=InnoDB DEFAULT CHARSET=utf8;

--
-- Dumping data for table `tweb_cacat`
--

INSERT INTO `tweb_cacat` (`id`, `nama`) VALUES
(1, 'CACAT FISIK'),
(2, 'CACAT NETRA/BUTA'),
(3, 'CACAT RUNGU/WICARA'),
(4, 'CACAT MENTAL/JIWA'),
(5, 'CACAT FISIK DAN MENTAL'),
(6, 'CACAT LAINNYA'),
(7, 'TIDAK CACAT');

-- --------------------------------------------------------

--
-- Table structure for table `tweb_cara_kb`
--

CREATE TABLE `tweb_cara_kb` (
  `id` tinyint(5) NOT NULL,
  `nama` varchar(50) NOT NULL,
  `sex` tinyint(2) DEFAULT NULL
) ENGINE=InnoDB DEFAULT CHARSET=utf8 ROW_FORMAT=DYNAMIC;

--
-- Dumping data for table `tweb_cara_kb`
--

INSERT INTO `tweb_cara_kb` (`id`, `nama`, `sex`) VALUES
(1, 'Pil', 2),
(2, 'IUD', 2),
(3, 'Suntik', 2),
(4, 'Kondom', 1),
(5, 'Susuk KB', 2),
(6, 'Sterilisasi Wanita', 2),
(7, 'Sterilisasi Pria', 1),
(99, 'Lainnya', 3);

-- --------------------------------------------------------

--
-- Table structure for table `tweb_desa_pamong`
--

CREATE TABLE `tweb_desa_pamong` (
  `pamong_id` int(5) NOT NULL,
  `pamong_nama` varchar(100) COLLATE utf8_unicode_ci DEFAULT NULL,
  `pamong_nip` varchar(20) COLLATE utf8_unicode_ci DEFAULT NULL,
  `pamong_nik` varchar(20) COLLATE utf8_unicode_ci DEFAULT NULL,
  `jabatan` varchar(50) COLLATE utf8_unicode_ci DEFAULT '0',
  `pamong_status` varchar(45) COLLATE utf8_unicode_ci DEFAULT NULL,
  `pamong_tgl_terdaftar` date DEFAULT NULL,
  `pamong_ttd` tinyint(1) DEFAULT NULL,
  `foto` varchar(100) COLLATE utf8_unicode_ci NOT NULL,
  `id_pend` int(11) DEFAULT NULL,
  `pamong_tempatlahir` varchar(100) COLLATE utf8_unicode_ci DEFAULT NULL,
  `pamong_tanggallahir` date DEFAULT NULL,
  `pamong_sex` tinyint(4) DEFAULT NULL,
  `pamong_pendidikan` int(10) DEFAULT NULL,
  `pamong_agama` int(10) DEFAULT NULL,
  `pamong_nosk` varchar(20) COLLATE utf8_unicode_ci DEFAULT NULL,
  `pamong_tglsk` date DEFAULT NULL,
  `pamong_masajab` varchar(120) COLLATE utf8_unicode_ci DEFAULT NULL,
  `urut` int(5) DEFAULT NULL,
  `pamong_niap` varchar(20) COLLATE utf8_unicode_ci DEFAULT NULL,
  `pamong_pangkat` varchar(20) COLLATE utf8_unicode_ci DEFAULT NULL,
  `pamong_nohenti` varchar(20) COLLATE utf8_unicode_ci DEFAULT NULL,
  `pamong_tglhenti` date DEFAULT NULL
) ENGINE=InnoDB DEFAULT CHARSET=utf8 COLLATE=utf8_unicode_ci;

--
-- Dumping data for table `tweb_desa_pamong`
--

INSERT INTO `tweb_desa_pamong` (`pamong_id`, `pamong_nama`, `pamong_nip`, `pamong_nik`, `jabatan`, `pamong_status`, `pamong_tgl_terdaftar`, `pamong_ttd`, `foto`, `id_pend`, `pamong_tempatlahir`, `pamong_tanggallahir`, `pamong_sex`, `pamong_pendidikan`, `pamong_agama`, `pamong_nosk`, `pamong_tglsk`, `pamong_masajab`, `urut`, `pamong_niap`, `pamong_pangkat`, `pamong_nohenti`, `pamong_tglhenti`) VALUES
(26, 'Erwin Mardinata', '-', '1212121721897298', 'Staf', '1', '0000-00-00', 1, '9WRX0o_CEO+Shomad1.jpg', 0, 'SEBEWE', '1995-03-07', 1, 8, 1, '-', '2019-04-19', '-', 1, '-', '-', '', '2019-04-19');

-- --------------------------------------------------------

--
-- Table structure for table `tweb_golongan_darah`
--

CREATE TABLE `tweb_golongan_darah` (
  `id` int(11) NOT NULL,
  `nama` varchar(15) DEFAULT NULL
) ENGINE=InnoDB DEFAULT CHARSET=utf8;

--
-- Dumping data for table `tweb_golongan_darah`
--

INSERT INTO `tweb_golongan_darah` (`id`, `nama`) VALUES
(1, 'A'),
(2, 'B'),
(3, 'AB'),
(4, 'O'),
(5, 'A+'),
(6, 'A-'),
(7, 'B+'),
(8, 'B-'),
(9, 'AB+'),
(10, 'AB-'),
(11, 'O+'),
(12, 'O-'),
(13, 'TIDAK TAHU');

-- --------------------------------------------------------

--
-- Table structure for table `tweb_keluarga`
--

CREATE TABLE `tweb_keluarga` (
  `id` int(10) NOT NULL,
  `no_kk` varchar(160) DEFAULT NULL,
  `nik_kepala` varchar(200) DEFAULT NULL,
  `tgl_daftar` timestamp NULL DEFAULT current_timestamp(),
  `kelas_sosial` int(4) DEFAULT NULL,
  `tgl_cetak_kk` datetime DEFAULT NULL,
  `alamat` varchar(200) DEFAULT NULL,
  `id_cluster` int(11) DEFAULT NULL
) ENGINE=InnoDB DEFAULT CHARSET=utf8 ROW_FORMAT=DYNAMIC;

--
-- Dumping data for table `tweb_keluarga`
--

INSERT INTO `tweb_keluarga` (`id`, `no_kk`, `nik_kepala`, `tgl_daftar`, `kelas_sosial`, `tgl_cetak_kk`, `alamat`, `id_cluster`) VALUES
(1, '5201140104126994', '1', '2016-09-13 21:28:03', NULL, NULL, NULL, 4),
(2, '5201140104126995', '5', '2016-09-13 21:28:03', NULL, NULL, NULL, 8),
(3, '5201140104166999', '9', '2016-09-13 21:28:03', NULL, NULL, NULL, 12),
(4, '5201140105136997', '12', '2016-09-13 21:28:03', NULL, NULL, NULL, 16),
(5, '5201140106166996', '16', '2016-09-13 21:28:03', NULL, NULL, NULL, 8),
(6, '5201140106167002', '17', '2016-09-13 21:28:03', NULL, NULL, NULL, 17),
(7, '5201140106167003', '19', '2016-09-13 21:28:03', NULL, NULL, NULL, 16),
(8, '5201140107126996', '21', '2016-09-13 21:28:03', NULL, NULL, NULL, 18),
(9, '5201140108146995', '25', '2016-09-13 21:28:03', NULL, NULL, NULL, 18),
(10, '5201140109126996', '26', '2016-09-13 21:28:03', NULL, NULL, NULL, 19),
(11, '5201140109156994', '30', '2016-09-13 21:28:03', NULL, NULL, NULL, 19),
(12, '5201140110137011', '32', '2016-09-13 21:28:03', NULL, NULL, NULL, 20),
(13, '5201140110137038', '35', '2016-09-13 21:28:03', NULL, NULL, NULL, 18),
(14, '5201140110156997', '37', '2016-09-13 21:28:03', NULL, NULL, NULL, 18),
(15, '5201140111126997', '38', '2016-09-13 21:28:03', NULL, NULL, NULL, 17),
(16, '5201140111126999', '39', '2016-09-13 21:28:03', NULL, NULL, NULL, 21),
(17, '5201140112107003', '42', '2016-09-13 21:28:03', NULL, NULL, NULL, 12),
(18, '5201140112126998', '45', '2016-09-13 21:28:03', NULL, NULL, NULL, 22),
(19, '5201140202167000', '51', '2016-09-13 21:28:03', NULL, NULL, NULL, 23),
(20, '5201140202167002', '52', '2016-09-13 21:28:03', NULL, NULL, NULL, 24),
(21, '5201140203136994', '55', '2016-09-13 21:28:03', NULL, NULL, NULL, 8),
(22, '5201140203136995', '56', '2016-09-13 21:28:03', NULL, NULL, NULL, 16),
(23, '5201140203167003', '59', '2016-09-13 21:28:03', NULL, NULL, NULL, 23),
(24, '5201140204166994', '61', '2016-09-13 21:28:03', NULL, NULL, NULL, 25),
(25, '5201140205156994', '62', '2016-09-13 21:28:03', NULL, NULL, NULL, 26),
(26, '5201140205156995', '65', '2016-09-13 21:28:03', NULL, NULL, NULL, 26),
(27, '5201140205156996', '68', '2016-09-13 21:28:03', NULL, NULL, NULL, 25),
(28, '5201140205156997', '71', '2016-09-13 21:28:03', NULL, NULL, NULL, 25),
(29, '5201140206157000', '74', '2016-09-13 21:28:03', NULL, NULL, NULL, 17),
(30, '5201140206157004', '76', '2016-09-13 21:28:03', NULL, NULL, NULL, 27),
(31, '5201140207156998', '77', '2016-09-13 21:28:03', NULL, NULL, NULL, 28),
(32, '5201140207157000', '80', '2016-09-13 21:28:03', NULL, NULL, NULL, 29),
(33, '5201140209156996', '83', '2016-09-13 21:28:03', NULL, NULL, NULL, 30),
(34, '5201140210137022', '84', '2016-09-13 21:28:03', NULL, NULL, NULL, 29),
(35, '5201140211117001', '88', '2016-09-13 21:28:03', NULL, NULL, NULL, 31),
(36, '5201140211117002', '91', '2016-09-13 21:28:03', NULL, NULL, NULL, 31),
(37, '5201140211117003', '95', '2016-09-13 21:28:03', NULL, NULL, NULL, 31),
(38, '6453654545450056', '100', '2019-04-21 06:47:01', NULL, NULL, 'Jl Melati Raya No. 234', 43);

-- --------------------------------------------------------

--
-- Table structure for table `tweb_keluarga_sejahtera`
--

CREATE TABLE `tweb_keluarga_sejahtera` (
  `id` int(10) NOT NULL DEFAULT 0,
  `nama` varchar(100) DEFAULT NULL
) ENGINE=InnoDB DEFAULT CHARSET=latin1;

--
-- Dumping data for table `tweb_keluarga_sejahtera`
--

INSERT INTO `tweb_keluarga_sejahtera` (`id`, `nama`) VALUES
(1, 'Keluarga Pra Sejahtera'),
(2, 'Keluarga Sejahtera I'),
(3, 'Keluarga Sejahtera II'),
(4, 'Keluarga Sejahtera III'),
(5, 'Keluarga Sejahtera III Plus');

-- --------------------------------------------------------

--
-- Table structure for table `tweb_ktpel`
--

CREATE TABLE `tweb_ktpel` (
  `id` int(11) NOT NULL,
  `nama` varchar(30) NOT NULL
) ENGINE=InnoDB DEFAULT CHARSET=latin1;

--
-- Dumping data for table `tweb_ktpel`
--

INSERT INTO `tweb_ktpel` (`id`, `nama`) VALUES
(1, 'Belum Ada'),
(2, 'KTP-El');

-- --------------------------------------------------------

--
-- Table structure for table `tweb_penduduk`
--

CREATE TABLE `tweb_penduduk` (
  `id` int(11) NOT NULL,
  `nama` varchar(100) NOT NULL,
  `nik` decimal(16,0) NOT NULL,
  `id_kk` int(11) DEFAULT 0,
  `kk_level` tinyint(2) NOT NULL DEFAULT 0,
  `id_rtm` int(11) NOT NULL,
  `rtm_level` int(11) NOT NULL,
  `sex` tinyint(4) UNSIGNED DEFAULT NULL,
  `tempatlahir` varchar(100) NOT NULL,
  `tanggallahir` date DEFAULT NULL,
  `agama_id` int(10) UNSIGNED NOT NULL,
  `pendidikan_kk_id` int(10) UNSIGNED NOT NULL,
  `pendidikan_sedang_id` int(10) UNSIGNED NOT NULL,
  `pekerjaan_id` int(10) UNSIGNED NOT NULL,
  `status_kawin` tinyint(4) UNSIGNED NOT NULL,
  `warganegara_id` int(10) UNSIGNED NOT NULL,
  `dokumen_pasport` varchar(45) DEFAULT NULL,
  `dokumen_kitas` int(10) DEFAULT NULL,
  `ayah_nik` varchar(16) NOT NULL,
  `ibu_nik` varchar(16) NOT NULL,
  `nama_ayah` varchar(100) NOT NULL,
  `nama_ibu` varchar(100) NOT NULL,
  `foto` varchar(100) NOT NULL,
  `golongan_darah_id` int(11) NOT NULL,
  `id_cluster` int(11) NOT NULL,
  `status` int(10) UNSIGNED DEFAULT NULL,
  `alamat_sebelumnya` varchar(200) NOT NULL,
  `alamat_sekarang` varchar(200) NOT NULL,
  `status_dasar` tinyint(4) NOT NULL DEFAULT 1,
  `hamil` int(1) DEFAULT NULL,
  `cacat_id` int(11) DEFAULT NULL,
  `sakit_menahun_id` int(11) NOT NULL,
  `akta_lahir` varchar(40) NOT NULL,
  `akta_perkawinan` varchar(40) NOT NULL,
  `tanggalperkawinan` date DEFAULT NULL,
  `akta_perceraian` varchar(40) NOT NULL,
  `tanggalperceraian` date DEFAULT NULL,
  `cara_kb_id` tinyint(2) DEFAULT NULL,
  `telepon` varchar(20) DEFAULT NULL,
  `tanggal_akhir_paspor` date DEFAULT NULL,
  `no_kk_sebelumnya` varchar(30) DEFAULT NULL,
  `no_kk_sekarang` varchar(30) DEFAULT NULL,
  `ktp_el` tinyint(4) NOT NULL,
  `status_rekam` tinyint(4) NOT NULL DEFAULT 0,
  `waktu_lahir` varchar(5) NOT NULL,
  `tempat_dilahirkan` tinyint(2) NOT NULL,
  `jenis_kelahiran` tinyint(2) NOT NULL,
  `kelahiran_anak_ke` tinyint(2) NOT NULL,
  `penolong_kelahiran` tinyint(2) NOT NULL,
  `berat_lahir` varchar(10) NOT NULL,
  `panjang_lahir` varchar(10) NOT NULL,
  `dusun_id` int(11) NOT NULL,
  `rw_id` varchar(5) NOT NULL,
  `rt_id` varchar(5) NOT NULL
) ENGINE=InnoDB DEFAULT CHARSET=latin1 ROW_FORMAT=DYNAMIC;

-- --------------------------------------------------------

--
-- Table structure for table `tweb_penduduk_agama`
--

CREATE TABLE `tweb_penduduk_agama` (
  `id` int(10) UNSIGNED NOT NULL,
  `nama` varchar(100) NOT NULL
) ENGINE=InnoDB DEFAULT CHARSET=utf8 ROW_FORMAT=DYNAMIC;

--
-- Dumping data for table `tweb_penduduk_agama`
--

INSERT INTO `tweb_penduduk_agama` (`id`, `nama`) VALUES
(1, 'ISLAM'),
(2, 'KRISTEN'),
(3, 'KATHOLIK'),
(4, 'HINDU'),
(5, 'BUDHA'),
(6, 'KHONGHUCU'),
(7, 'Kepercayaan Terhadap Tuhan YME / Lainnya');

-- --------------------------------------------------------

--
-- Table structure for table `tweb_penduduk_hubungan`
--

CREATE TABLE `tweb_penduduk_hubungan` (
  `id` int(10) NOT NULL,
  `nama` varchar(100) NOT NULL
) ENGINE=InnoDB DEFAULT CHARSET=utf8 ROW_FORMAT=DYNAMIC;

--
-- Dumping data for table `tweb_penduduk_hubungan`
--

INSERT INTO `tweb_penduduk_hubungan` (`id`, `nama`) VALUES
(1, 'KEPALA KELUARGA'),
(2, 'SUAMI'),
(3, 'ISTRI'),
(4, 'ANAK'),
(5, 'MENANTU'),
(6, 'CUCU'),
(7, 'ORANGTUA'),
(8, 'MERTUA'),
(9, 'FAMILI'),
(10, 'PEMBANTU'),
(11, 'LAINNYA');

-- --------------------------------------------------------

--
-- Table structure for table `tweb_penduduk_kawin`
--

CREATE TABLE `tweb_penduduk_kawin` (
  `id` int(10) UNSIGNED NOT NULL,
  `nama` varchar(100) NOT NULL
) ENGINE=InnoDB DEFAULT CHARSET=utf8 ROW_FORMAT=DYNAMIC;

--
-- Dumping data for table `tweb_penduduk_kawin`
--

INSERT INTO `tweb_penduduk_kawin` (`id`, `nama`) VALUES
(1, 'BELUM KAWIN'),
(2, 'KAWIN'),
(3, 'CERAI HIDUP'),
(4, 'CERAI MATI');

-- --------------------------------------------------------

--
-- Table structure for table `tweb_penduduk_mandiri`
--

CREATE TABLE `tweb_penduduk_mandiri` (
  `pin` char(32) NOT NULL,
  `last_login` datetime DEFAULT NULL,
  `tanggal_buat` datetime DEFAULT NULL,
  `id_pend` int(9) NOT NULL
) ENGINE=InnoDB DEFAULT CHARSET=latin1;

-- --------------------------------------------------------

--
-- Table structure for table `tweb_penduduk_map`
--

CREATE TABLE `tweb_penduduk_map` (
  `id` int(11) NOT NULL,
  `lat` varchar(24) NOT NULL,
  `lng` varchar(24) NOT NULL
) ENGINE=MyISAM DEFAULT CHARSET=latin1;

--
-- Dumping data for table `tweb_penduduk_map`
--

INSERT INTO `tweb_penduduk_map` (`id`, `lat`, `lng`) VALUES
(7, '-8.495339739996284', '116.05516478419307'),
(3, '-8.496679059709217', '116.05342939496042'),
(7, '-8.495339739996284', '116.05516478419307'),
(3, '-8.496679059709217', '116.05342939496042');

-- --------------------------------------------------------

--
-- Table structure for table `tweb_penduduk_pekerjaan`
--

CREATE TABLE `tweb_penduduk_pekerjaan` (
  `id` int(10) UNSIGNED NOT NULL,
  `nama` varchar(100) DEFAULT NULL
) ENGINE=InnoDB DEFAULT CHARSET=latin1 ROW_FORMAT=DYNAMIC;

--
-- Dumping data for table `tweb_penduduk_pekerjaan`
--

INSERT INTO `tweb_penduduk_pekerjaan` (`id`, `nama`) VALUES
(1, 'BELUM/TIDAK BEKERJA'),
(2, 'MENGURUS RUMAH TANGGA'),
(3, 'PELAJAR/MAHASISWA'),
(4, 'PENSIUNAN'),
(5, 'PEGAWAI NEGERI SIPIL (PNS)'),
(6, 'TENTARA NASIONAL INDONESIA (TNI)'),
(7, 'KEPOLISIAN RI (POLRI)'),
(8, 'PERDAGANGAN'),
(9, 'PETANI/PEKEBUN'),
(10, 'PETERNAK'),
(11, 'NELAYAN/PERIKANAN'),
(12, 'INDUSTRI'),
(13, 'KONSTRUKSI'),
(14, 'TRANSPORTASI'),
(15, 'KARYAWAN SWASTA'),
(16, 'KARYAWAN BUMN'),
(17, 'KARYAWAN BUMD'),
(18, 'KARYAWAN HONORER'),
(19, 'BURUH HARIAN LEPAS'),
(20, 'BURUH TANI/PERKEBUNAN'),
(21, 'BURUH NELAYAN/PERIKANAN'),
(22, 'BURUH PETERNAKAN'),
(23, 'PEMBANTU RUMAH TANGGA'),
(24, 'TUKANG CUKUR'),
(25, 'TUKANG LISTRIK'),
(26, 'TUKANG BATU'),
(27, 'TUKANG KAYU'),
(28, 'TUKANG SOL SEPATU'),
(29, 'TUKANG LAS/PANDAI BESI'),
(30, 'TUKANG JAHIT'),
(31, 'TUKANG GIGI'),
(32, 'PENATA RIAS'),
(33, 'PENATA BUSANA'),
(34, 'PENATA RAMBUT'),
(35, 'MEKANIK'),
(36, 'SENIMAN'),
(37, 'TABIB'),
(38, 'PARAJI'),
(39, 'PERANCANG BUSANA'),
(40, 'PENTERJEMAH'),
(41, 'IMAM MASJID'),
(42, 'PENDETA'),
(43, 'PASTOR'),
(44, 'WARTAWAN'),
(45, 'USTADZ/MUBALIGH'),
(46, 'JURU MASAK'),
(47, 'PROMOTOR ACARA'),
(48, 'ANGGOTA DPR-RI'),
(49, 'ANGGOTA DPD'),
(50, 'ANGGOTA BPK'),
(51, 'PRESIDEN'),
(52, 'WAKIL PRESIDEN'),
(53, 'ANGGOTA MAHKAMAH KONSTITUSI'),
(54, 'ANGGOTA KABINET KEMENTERIAN'),
(55, 'DUTA BESAR'),
(56, 'GUBERNUR'),
(57, 'WAKIL GUBERNUR'),
(58, 'BUPATI'),
(59, 'WAKIL BUPATI'),
(60, 'WALIKOTA'),
(61, 'WAKIL WALIKOTA'),
(62, 'ANGGOTA DPRD PROVINSI'),
(63, 'ANGGOTA DPRD KABUPATEN/KOTA'),
(64, 'DOSEN'),
(65, 'GURU'),
(66, 'PILOT'),
(67, 'PENGACARA'),
(68, 'NOTARIS'),
(69, 'ARSITEK'),
(70, 'AKUNTAN'),
(71, 'KONSULTAN'),
(72, 'DOKTER'),
(73, 'BIDAN'),
(74, 'PERAWAT'),
(75, 'APOTEKER'),
(76, 'PSIKIATER/PSIKOLOG'),
(77, 'PENYIAR TELEVISI'),
(78, 'PENYIAR RADIO'),
(79, 'PELAUT'),
(80, 'PENELITI'),
(81, 'SOPIR'),
(82, 'PIALANG'),
(83, 'PARANORMAL'),
(84, 'PEDAGANG'),
(85, 'PERANGKAT DESA'),
(86, 'KEPALA DESA'),
(87, 'BIARAWATI'),
(88, 'WIRASWASTA'),
(89, 'LAINNYA');

-- --------------------------------------------------------

--
-- Table structure for table `tweb_penduduk_pendidikan`
--

CREATE TABLE `tweb_penduduk_pendidikan` (
  `id` tinyint(3) NOT NULL,
  `nama` varchar(50) NOT NULL
) ENGINE=InnoDB DEFAULT CHARSET=utf8 ROW_FORMAT=DYNAMIC;

--
-- Dumping data for table `tweb_penduduk_pendidikan`
--

INSERT INTO `tweb_penduduk_pendidikan` (`id`, `nama`) VALUES
(1, 'BELUM MASUK TK/KELOMPOK BERMAIN'),
(2, 'SEDANG TK/KELOMPOK BERMAIN'),
(3, 'TIDAK PERNAH SEKOLAH'),
(4, 'SEDANG SD/SEDERAJAT'),
(5, 'TIDAK TAMAT SD/SEDERAJAT'),
(6, 'SEDANG SLTP/SEDERAJAT'),
(7, 'SEDANG SLTA/SEDERAJAT'),
(8, 'SEDANG  D-1/SEDERAJAT'),
(9, 'SEDANG D-2/SEDERAJAT'),
(10, 'SEDANG D-3/SEDERAJAT'),
(11, 'SEDANG  S-1/SEDERAJAT'),
(12, 'SEDANG S-2/SEDERAJAT'),
(13, 'SEDANG S-3/SEDERAJAT'),
(14, 'SEDANG SLB A/SEDERAJAT'),
(15, 'SEDANG SLB B/SEDERAJAT'),
(16, 'SEDANG SLB C/SEDERAJAT'),
(17, 'TIDAK DAPAT MEMBACA DAN MENULIS HURUF LATIN/ARAB'),
(18, 'TIDAK SEDANG SEKOLAH');

-- --------------------------------------------------------

--
-- Table structure for table `tweb_penduduk_pendidikan_kk`
--

CREATE TABLE `tweb_penduduk_pendidikan_kk` (
  `id` int(10) UNSIGNED NOT NULL,
  `nama` varchar(50) NOT NULL
) ENGINE=InnoDB DEFAULT CHARSET=utf8 ROW_FORMAT=DYNAMIC;

--
-- Dumping data for table `tweb_penduduk_pendidikan_kk`
--

INSERT INTO `tweb_penduduk_pendidikan_kk` (`id`, `nama`) VALUES
(1, 'TIDAK / BELUM SEKOLAH'),
(2, 'BELUM TAMAT SD/SEDERAJAT'),
(3, 'TAMAT SD / SEDERAJAT'),
(4, 'SLTP/SEDERAJAT'),
(5, 'SLTA / SEDERAJAT'),
(6, 'DIPLOMA I / II'),
(7, 'AKADEMI/ DIPLOMA III/S. MUDA'),
(8, 'DIPLOMA IV/ STRATA I'),
(9, 'STRATA II'),
(10, 'STRATA III');

-- --------------------------------------------------------

--
-- Table structure for table `tweb_penduduk_sex`
--

CREATE TABLE `tweb_penduduk_sex` (
  `id` int(10) UNSIGNED NOT NULL,
  `nama` varchar(15) DEFAULT NULL
) ENGINE=InnoDB DEFAULT CHARSET=utf8 ROW_FORMAT=DYNAMIC;

--
-- Dumping data for table `tweb_penduduk_sex`
--

INSERT INTO `tweb_penduduk_sex` (`id`, `nama`) VALUES
(1, 'LAKI-LAKI'),
(2, 'PEREMPUAN');

-- --------------------------------------------------------

--
-- Table structure for table `tweb_penduduk_status`
--

CREATE TABLE `tweb_penduduk_status` (
  `id` int(10) UNSIGNED NOT NULL,
  `nama` varchar(50) DEFAULT NULL
) ENGINE=InnoDB DEFAULT CHARSET=utf8;

--
-- Dumping data for table `tweb_penduduk_status`
--

INSERT INTO `tweb_penduduk_status` (`id`, `nama`) VALUES
(1, 'TETAP'),
(2, 'TIDAK AKTIF'),
(3, 'PENDATANG');

-- --------------------------------------------------------

--
-- Table structure for table `tweb_penduduk_umur`
--

CREATE TABLE `tweb_penduduk_umur` (
  `id` int(11) NOT NULL,
  `nama` varchar(25) DEFAULT NULL,
  `dari` int(11) DEFAULT NULL,
  `sampai` int(11) DEFAULT NULL,
  `status` int(11) DEFAULT NULL
) ENGINE=InnoDB DEFAULT CHARSET=utf8;

--
-- Dumping data for table `tweb_penduduk_umur`
--

INSERT INTO `tweb_penduduk_umur` (`id`, `nama`, `dari`, `sampai`, `status`) VALUES
(1, 'BALITA', 0, 5, 0),
(2, 'ANAK-ANAK', 6, 17, 0),
(3, 'DEWASA', 18, 30, 0),
(4, 'TUA', 31, 120, 0),
(6, 'Di bawah 1 Tahun', 0, 1, 1),
(9, '2 s/d 4 Tahun', 2, 4, 1),
(12, '5 s/d 9 Tahun', 5, 9, 1),
(13, '10 s/d 14 Tahun', 10, 14, 1),
(14, '15 s/d 19 Tahun', 15, 19, 1),
(15, '20 s/d 24 Tahun', 20, 24, 1),
(16, '25 s/d 29 Tahun', 25, 29, 1),
(17, '30 s/d 34 Tahun', 30, 34, 1),
(18, '35 s/d 39 Tahun ', 35, 39, 1),
(19, '40 s/d 44 Tahun', 40, 44, 1),
(20, '45 s/d 49 Tahun', 45, 49, 1),
(21, '50 s/d 54 Tahun', 50, 54, 1),
(22, '55 s/d 59 Tahun', 55, 59, 1),
(23, '60 s/d 64 Tahun', 60, 64, 1),
(24, '65 s/d 69 Tahun', 65, 69, 1),
(25, '70 s/d 74 Tahun', 70, 74, 1),
(26, 'Di atas 75 Tahun', 75, 99999, 1);

-- --------------------------------------------------------

--
-- Table structure for table `tweb_penduduk_warganegara`
--

CREATE TABLE `tweb_penduduk_warganegara` (
  `id` int(10) UNSIGNED NOT NULL,
  `nama` varchar(25) DEFAULT NULL
) ENGINE=InnoDB DEFAULT CHARSET=utf8;

--
-- Dumping data for table `tweb_penduduk_warganegara`
--

INSERT INTO `tweb_penduduk_warganegara` (`id`, `nama`) VALUES
(1, 'WNI'),
(2, 'WNA'),
(3, 'DUA KEWARGANEGARAAN');

-- --------------------------------------------------------

--
-- Table structure for table `tweb_rtm`
--

CREATE TABLE `tweb_rtm` (
  `id` int(11) NOT NULL,
  `nik_kepala` int(11) NOT NULL,
  `no_kk` varchar(20) NOT NULL,
  `tgl_daftar` timestamp NOT NULL DEFAULT current_timestamp() ON UPDATE current_timestamp(),
  `kelas_sosial` int(11) NOT NULL
) ENGINE=InnoDB DEFAULT CHARSET=utf8;

-- --------------------------------------------------------

--
-- Table structure for table `tweb_rtm_hubungan`
--

CREATE TABLE `tweb_rtm_hubungan` (
  `id` tinyint(4) NOT NULL,
  `nama` varchar(20) NOT NULL
) ENGINE=InnoDB DEFAULT CHARSET=utf8;

--
-- Dumping data for table `tweb_rtm_hubungan`
--

INSERT INTO `tweb_rtm_hubungan` (`id`, `nama`) VALUES
(1, 'Kepala Rumah Tangga'),
(2, 'Anggota');

-- --------------------------------------------------------

--
-- Table structure for table `tweb_sakit_menahun`
--

CREATE TABLE `tweb_sakit_menahun` (
  `id` int(11) NOT NULL,
  `nama` varchar(255) NOT NULL
) ENGINE=InnoDB DEFAULT CHARSET=utf8;

--
-- Dumping data for table `tweb_sakit_menahun`
--

INSERT INTO `tweb_sakit_menahun` (`id`, `nama`) VALUES
(1, 'JANTUNG'),
(2, 'LEVER'),
(3, 'PARU-PARU'),
(4, 'KANKER'),
(5, 'STROKE'),
(6, 'DIABETES MELITUS'),
(7, 'GINJAL'),
(8, 'MALARIA'),
(9, 'LEPRA/KUSTA'),
(10, 'HIV/AIDS'),
(11, 'GILA/STRESS'),
(12, 'TBC'),
(13, 'ASTHMA'),
(14, 'TIDAK ADA/TIDAK SAKIT');

-- --------------------------------------------------------

--
-- Table structure for table `tweb_status_dasar`
--

CREATE TABLE `tweb_status_dasar` (
  `id` int(10) UNSIGNED NOT NULL,
  `nama` varchar(50) DEFAULT NULL
) ENGINE=InnoDB DEFAULT CHARSET=utf8;

--
-- Dumping data for table `tweb_status_dasar`
--

INSERT INTO `tweb_status_dasar` (`id`, `nama`) VALUES
(1, 'HIDUP'),
(2, 'MATI'),
(3, 'PINDAH'),
(4, 'HILANG'),
(9, 'TIDAK VALID');

-- --------------------------------------------------------

--
-- Table structure for table `tweb_status_ktp`
--

CREATE TABLE `tweb_status_ktp` (
  `id` tinyint(5) NOT NULL,
  `nama` varchar(50) NOT NULL,
  `ktp_el` tinyint(4) NOT NULL,
  `status_rekam` varchar(50) NOT NULL
) ENGINE=InnoDB DEFAULT CHARSET=utf8 ROW_FORMAT=DYNAMIC;

--
-- Dumping data for table `tweb_status_ktp`
--

INSERT INTO `tweb_status_ktp` (`id`, `nama`, `ktp_el`, `status_rekam`) VALUES
(1, 'BELUM REKAM', 1, '2'),
(2, 'SUDAH REKAM', 2, '3'),
(3, 'CARD PRINTED', 2, '4'),
(4, 'PRINT READY RECORD', 2, '5'),
(5, 'CARD SHIPPED', 2, '6'),
(6, 'SENT FOR CARD PRINTING', 2, '7'),
(7, 'CARD ISSUED', 2, '8');

-- --------------------------------------------------------

--
-- Table structure for table `tweb_surat_atribut`
--

CREATE TABLE `tweb_surat_atribut` (
  `id` int(11) NOT NULL,
  `id_surat` int(11) NOT NULL,
  `id_tipe` tinyint(4) NOT NULL,
  `nama` varchar(40) NOT NULL,
  `long` tinyint(4) NOT NULL,
  `kode` tinyint(4) NOT NULL
) ENGINE=MyISAM DEFAULT CHARSET=latin1;

-- --------------------------------------------------------

--
-- Table structure for table `tweb_surat_format`
--

CREATE TABLE `tweb_surat_format` (
  `id` int(11) NOT NULL,
  `nama` varchar(100) NOT NULL,
  `url_surat` varchar(100) NOT NULL,
  `kode_surat` varchar(10) NOT NULL,
  `lampiran` varchar(100) DEFAULT NULL,
  `kunci` tinyint(1) NOT NULL DEFAULT 0,
  `favorit` tinyint(1) NOT NULL DEFAULT 0,
  `jenis` tinyint(2) NOT NULL DEFAULT 2
) ENGINE=InnoDB DEFAULT CHARSET=utf8;

--
-- Dumping data for table `tweb_surat_format`
--

INSERT INTO `tweb_surat_format` (`id`, `nama`, `url_surat`, `kode_surat`, `lampiran`, `kunci`, `favorit`, `jenis`) VALUES
(1, 'Keterangan Pengantar', 'surat_ket_pengantar', 'S-01', NULL, 0, 0, 1),
(2, 'Keterangan Penduduk', 'surat_ket_penduduk', 'S-02', NULL, 0, 0, 1),
(3, 'Biodata Penduduk', 'surat_bio_penduduk', 'S-03', 'f-1.01.php', 0, 0, 1),
(5, 'Keterangan Pindah Penduduk', 'surat_ket_pindah_penduduk', 'S-04', 'f-1.08.php,f-1.25.php', 0, 0, 1),
(6, 'Keterangan Jual Beli', 'surat_ket_jual_beli', 'S-05', NULL, 0, 0, 1),
(8, 'Pengantar Surat Keterangan Catatan Kepolisian', 'surat_ket_catatan_kriminal', 'S-07', NULL, 0, 0, 1),
(9, 'Keterangan KTP dalam Proses', 'surat_ket_ktp_dalam_proses', 'S-08', NULL, 0, 0, 1),
(10, 'Keterangan Beda Identitas', 'surat_ket_beda_nama', 'S-09', NULL, 0, 0, 1),
(11, 'Keterangan Bepergian / Jalan', 'surat_jalan', 'S-10', NULL, 0, 0, 1),
(12, 'Keterangan Kurang Mampu', 'surat_ket_kurang_mampu', 'S-11', NULL, 0, 1, 1),
(13, 'Pengantar Izin Keramaian', 'surat_izin_keramaian', 'S-12', NULL, 0, 0, 1),
(14, 'Pengantar Laporan Kehilangan', 'surat_ket_kehilangan', 'S-13', NULL, 0, 0, 1),
(15, 'Keterangan Usaha', 'surat_ket_usaha', 'S-14', NULL, 0, 0, 1),
(16, 'Keterangan JAMKESOS', 'surat_ket_jamkesos', 'S-15', NULL, 0, 0, 1),
(17, 'Keterangan Domisili Usaha', 'surat_ket_domisili_usaha', 'S-16', NULL, 0, 0, 1),
(18, 'Keterangan Kelahiran', 'surat_ket_kelahiran', 'S-17', 'f-2.01.php', 0, 0, 1),
(20, 'Permohonan Akta Lahir', 'surat_permohonan_akta', 'S-18', NULL, 0, 0, 1),
(21, 'Pernyataan Belum Memiliki Akta Lahir', 'surat_pernyataan_akta', 'S-19', NULL, 0, 0, 1),
(22, 'Permohonan Duplikat Kelahiran', 'surat_permohonan_duplikat_kelahiran', 'S-20', NULL, 0, 0, 1),
(24, 'Keterangan Kematian', 'surat_ket_kematian', 'S-21', 'f-2.29.php', 0, 0, 1),
(25, 'Keterangan Lahir Mati', 'surat_ket_lahir_mati', 'S-22', NULL, 0, 0, 1),
(26, 'Keterangan Untuk Nikah (N-1 s/d N-7)', 'surat_ket_nikah', 'S-23', NULL, 0, 0, 1),
(33, 'Keterangan Pergi Kawin', 'surat_ket_pergi_kawin', 'S-30', NULL, 0, 0, 1),
(35, 'Keterangan Wali Hakim', 'surat_ket_wali_hakim', 'S-32', NULL, 0, 0, 1),
(36, 'Permohonan Duplikat Surat Nikah', 'surat_permohonan_duplikat_surat_nikah', 'S-33', NULL, 0, 0, 1),
(37, 'Permohonan Cerai', 'surat_permohonan_cerai', 'S-34', NULL, 0, 0, 1),
(38, 'Keterangan Pengantar Rujuk/Cerai', 'surat_ket_rujuk_cerai', 'S-35', NULL, 0, 0, 1),
(45, 'Permohonan Kartu Keluarga', 'surat_permohonan_kartu_keluarga', 'S-36', 'f-1.15.php,f-1.01.php', 0, 0, 1),
(51, 'Domisili Usaha Non-Warga', 'surat_domisili_usaha_non_warga', 'S-37', NULL, 0, 0, 1),
(76, 'Keterangan Beda Identitas KIS', 'surat_ket_beda_identitas_kis', 'S-38', NULL, 0, 0, 1),
(85, 'Keterangan Izin Orang Tua/Suami/Istri', 'surat_izin_orangtua_suami_istri', 'S-39', NULL, 0, 0, 1),
(86, 'Pernyataan Penguasaan Fisik Bidang Tanah (SPORADIK)', 'surat_sporadik', 'S-40', NULL, 0, 0, 1),
(89, 'Permohonan Perubahan Kartu Keluarga', 'surat_permohonan_perubahan_kartu_keluarga', 'S-41', 'f-1.16.php,f-1.01.php', 0, 0, 1),
(110, 'Non Warga', 'surat_non_warga', '', NULL, 0, 0, 2),
(156, 'Keterangan Domisili', 'surat_ket_domisili', 'S-41', NULL, 0, 0, 1);

-- --------------------------------------------------------

--
-- Table structure for table `tweb_wil_clusterdesa`
--

CREATE TABLE `tweb_wil_clusterdesa` (
  `id` int(11) NOT NULL,
  `rt` varchar(10) NOT NULL DEFAULT '0',
  `rw` varchar(10) NOT NULL DEFAULT '0',
  `dusun` varchar(50) NOT NULL DEFAULT '0',
  `id_kepala` int(11) NOT NULL,
  `lat` varchar(20) NOT NULL,
  `lng` varchar(20) NOT NULL,
  `zoom` int(5) NOT NULL,
  `path` text NOT NULL,
  `map_tipe` varchar(20) NOT NULL
) ENGINE=InnoDB DEFAULT CHARSET=latin1;

--
-- Dumping data for table `tweb_wil_clusterdesa`
--

INSERT INTO `tweb_wil_clusterdesa` (`id`, `rt`, `rw`, `dusun`, `id_kepala`, `lat`, `lng`, `zoom`, `path`, `map_tipe`) VALUES
(32, '0', '0', 'Dusun 1aaa', 99, '', '', 0, '', ''),
(33, '0', '-', 'Dusun 1aaa', 0, '', '', 0, '', ''),
(34, '-', '-', 'Dusun 1aaa', 0, '', '', 0, '', ''),
(35, '0', '002', 'Dusun 1aaa', 0, '', '', 0, '', ''),
(36, '-', '002', 'Dusun 1aaa', 0, '', '', 0, '', ''),
(37, '001', '002', 'Dusun 1aaa', 0, '', '', 0, '', ''),
(38, '0', '0', 'SATU', 0, '', '', 0, '', ''),
(39, '0', '-', 'SATU', 0, '', '', 0, '', ''),
(40, '-', '-', 'SATU', 0, '', '', 0, '', ''),
(41, '0', '002', 'SATU', 0, '', '', 0, '', ''),
(42, '-', '002', 'SATU', 0, '', '', 0, '', ''),
(43, '001', '002', 'SATU', 0, '', '', 0, '', '');

-- --------------------------------------------------------

--
-- Table structure for table `video`
--

CREATE TABLE `video` (
  `id` int(11) NOT NULL,
  `nama` varchar(100) NOT NULL,
  `video` varchar(500) DEFAULT NULL,
  `link_video` varchar(500) DEFAULT NULL
) ENGINE=InnoDB DEFAULT CHARSET=latin1;

--
-- Dumping data for table `video`
--

INSERT INTO `video` (`id`, `nama`, `video`, `link_video`) VALUES
(1, 'Erwin Mardinata', NULL, 'YfyhdmMaDWM');

--
-- Indexes for dumped tables
--

--
-- Indexes for table `admin`
--
ALTER TABLE `admin`
  ADD PRIMARY KEY (`id`);

--
-- Indexes for table `agenda`
--
ALTER TABLE `agenda`
  ADD PRIMARY KEY (`id`);

--
-- Indexes for table `balas_bukutamu`
--
ALTER TABLE `balas_bukutamu`
  ADD PRIMARY KEY (`id`);

--
-- Indexes for table `balas_pengaduan`
--
ALTER TABLE `balas_pengaduan`
  ADD PRIMARY KEY (`id`);

--
-- Indexes for table `berita`
--
ALTER TABLE `berita`
  ADD PRIMARY KEY (`id`);

--
-- Indexes for table `bukutamu`
--
ALTER TABLE `bukutamu`
  ADD PRIMARY KEY (`id`);

--
-- Indexes for table `download`
--
ALTER TABLE `download`
  ADD PRIMARY KEY (`id`);

--
-- Indexes for table `dusun`
--
ALTER TABLE `dusun`
  ADD PRIMARY KEY (`id`);

--
-- Indexes for table `foto`
--
ALTER TABLE `foto`
  ADD PRIMARY KEY (`id`);

--
-- Indexes for table `harga_tingkat`
--
ALTER TABLE `harga_tingkat`
  ADD PRIMARY KEY (`id`);

--
-- Indexes for table `info`
--
ALTER TABLE `info`
  ADD PRIMARY KEY (`id`);

--
-- Indexes for table `kategori`
--
ALTER TABLE `kategori`
  ADD PRIMARY KEY (`id`);

--
-- Indexes for table `kategori_foto`
--
ALTER TABLE `kategori_foto`
  ADD PRIMARY KEY (`id`);

--
-- Indexes for table `kategori_info`
--
ALTER TABLE `kategori_info`
  ADD PRIMARY KEY (`id`);

--
-- Indexes for table `kategori_peta`
--
ALTER TABLE `kategori_peta`
  ADD PRIMARY KEY (`id`);

--
-- Indexes for table `link`
--
ALTER TABLE `link`
  ADD PRIMARY KEY (`id`);

--
-- Indexes for table `nilai`
--
ALTER TABLE `nilai`
  ADD PRIMARY KEY (`id`);

--
-- Indexes for table `pajak`
--
ALTER TABLE `pajak`
  ADD PRIMARY KEY (`id`);

--
-- Indexes for table `pegawai`
--
ALTER TABLE `pegawai`
  ADD PRIMARY KEY (`id`);

--
-- Indexes for table `pengaduan`
--
ALTER TABLE `pengaduan`
  ADD PRIMARY KEY (`id`);

--
-- Indexes for table `pengumuman`
--
ALTER TABLE `pengumuman`
  ADD PRIMARY KEY (`id`);

--
-- Indexes for table `peta`
--
ALTER TABLE `peta`
  ADD PRIMARY KEY (`id`);

--
-- Indexes for table `poling`
--
ALTER TABLE `poling`
  ADD PRIMARY KEY (`id`);

--
-- Indexes for table `profil`
--
ALTER TABLE `profil`
  ADD PRIMARY KEY (`id`);

--
-- Indexes for table `profil_web`
--
ALTER TABLE `profil_web`
  ADD PRIMARY KEY (`id`);

--
-- Indexes for table `sambutan`
--
ALTER TABLE `sambutan`
  ADD PRIMARY KEY (`id`);

--
-- Indexes for table `slider`
--
ALTER TABLE `slider`
  ADD PRIMARY KEY (`id`);

--
-- Indexes for table `target`
--
ALTER TABLE `target`
  ADD PRIMARY KEY (`id`);

--
-- Indexes for table `tweb_cacat`
--
ALTER TABLE `tweb_cacat`
  ADD PRIMARY KEY (`id`);

--
-- Indexes for table `tweb_cara_kb`
--
ALTER TABLE `tweb_cara_kb`
  ADD PRIMARY KEY (`id`);

--
-- Indexes for table `tweb_desa_pamong`
--
ALTER TABLE `tweb_desa_pamong`
  ADD PRIMARY KEY (`pamong_id`);

--
-- Indexes for table `tweb_golongan_darah`
--
ALTER TABLE `tweb_golongan_darah`
  ADD PRIMARY KEY (`id`);

--
-- Indexes for table `tweb_keluarga`
--
ALTER TABLE `tweb_keluarga`
  ADD PRIMARY KEY (`id`),
  ADD KEY `nik_kepala` (`nik_kepala`);

--
-- Indexes for table `tweb_keluarga_sejahtera`
--
ALTER TABLE `tweb_keluarga_sejahtera`
  ADD PRIMARY KEY (`id`);

--
-- Indexes for table `tweb_ktpel`
--
ALTER TABLE `tweb_ktpel`
  ADD PRIMARY KEY (`id`);

--
-- Indexes for table `tweb_penduduk_agama`
--
ALTER TABLE `tweb_penduduk_agama`
  ADD PRIMARY KEY (`id`);

--
-- Indexes for table `tweb_penduduk_hubungan`
--
ALTER TABLE `tweb_penduduk_hubungan`
  ADD PRIMARY KEY (`id`);

--
-- Indexes for table `tweb_penduduk_kawin`
--
ALTER TABLE `tweb_penduduk_kawin`
  ADD PRIMARY KEY (`id`);

--
-- Indexes for table `tweb_penduduk_mandiri`
--
ALTER TABLE `tweb_penduduk_mandiri`
  ADD PRIMARY KEY (`id_pend`);

--
-- Indexes for table `tweb_penduduk_pekerjaan`
--
ALTER TABLE `tweb_penduduk_pekerjaan`
  ADD PRIMARY KEY (`id`);

--
-- Indexes for table `tweb_penduduk_pendidikan`
--
ALTER TABLE `tweb_penduduk_pendidikan`
  ADD PRIMARY KEY (`id`);

--
-- Indexes for table `tweb_penduduk_pendidikan_kk`
--
ALTER TABLE `tweb_penduduk_pendidikan_kk`
  ADD PRIMARY KEY (`id`);

--
-- Indexes for table `tweb_penduduk_sex`
--
ALTER TABLE `tweb_penduduk_sex`
  ADD PRIMARY KEY (`id`);

--
-- Indexes for table `tweb_penduduk_status`
--
ALTER TABLE `tweb_penduduk_status`
  ADD PRIMARY KEY (`id`);

--
-- Indexes for table `tweb_penduduk_umur`
--
ALTER TABLE `tweb_penduduk_umur`
  ADD PRIMARY KEY (`id`);

--
-- Indexes for table `tweb_penduduk_warganegara`
--
ALTER TABLE `tweb_penduduk_warganegara`
  ADD PRIMARY KEY (`id`);

--
-- Indexes for table `tweb_rtm`
--
ALTER TABLE `tweb_rtm`
  ADD PRIMARY KEY (`id`);

--
-- Indexes for table `tweb_rtm_hubungan`
--
ALTER TABLE `tweb_rtm_hubungan`
  ADD PRIMARY KEY (`id`);

--
-- Indexes for table `tweb_sakit_menahun`
--
ALTER TABLE `tweb_sakit_menahun`
  ADD PRIMARY KEY (`id`);

--
-- Indexes for table `tweb_status_dasar`
--
ALTER TABLE `tweb_status_dasar`
  ADD PRIMARY KEY (`id`);

--
-- Indexes for table `tweb_status_ktp`
--
ALTER TABLE `tweb_status_ktp`
  ADD PRIMARY KEY (`id`);

--
-- Indexes for table `tweb_surat_atribut`
--
ALTER TABLE `tweb_surat_atribut`
  ADD PRIMARY KEY (`id`);

--
-- Indexes for table `tweb_surat_format`
--
ALTER TABLE `tweb_surat_format`
  ADD PRIMARY KEY (`id`),
  ADD UNIQUE KEY `url_surat` (`url_surat`);

--
-- Indexes for table `tweb_wil_clusterdesa`
--
ALTER TABLE `tweb_wil_clusterdesa`
  ADD PRIMARY KEY (`id`),
  ADD UNIQUE KEY `rt` (`rt`,`rw`,`dusun`),
  ADD KEY `id_kepala` (`id_kepala`);

--
-- Indexes for table `video`
--
ALTER TABLE `video`
  ADD PRIMARY KEY (`id`);

--
-- AUTO_INCREMENT for dumped tables
--

--
-- AUTO_INCREMENT for table `admin`
--
ALTER TABLE `admin`
  MODIFY `id` int(11) NOT NULL AUTO_INCREMENT, AUTO_INCREMENT=2;

--
-- AUTO_INCREMENT for table `agenda`
--
ALTER TABLE `agenda`
  MODIFY `id` int(11) NOT NULL AUTO_INCREMENT, AUTO_INCREMENT=3;

--
-- AUTO_INCREMENT for table `balas_bukutamu`
--
ALTER TABLE `balas_bukutamu`
  MODIFY `id` int(11) NOT NULL AUTO_INCREMENT;

--
-- AUTO_INCREMENT for table `balas_pengaduan`
--
ALTER TABLE `balas_pengaduan`
  MODIFY `id` int(11) NOT NULL AUTO_INCREMENT;

--
-- AUTO_INCREMENT for table `berita`
--
ALTER TABLE `berita`
  MODIFY `id` int(11) NOT NULL AUTO_INCREMENT, AUTO_INCREMENT=11;

--
-- AUTO_INCREMENT for table `bukutamu`
--
ALTER TABLE `bukutamu`
  MODIFY `id` int(11) NOT NULL AUTO_INCREMENT;

--
-- AUTO_INCREMENT for table `download`
--
ALTER TABLE `download`
  MODIFY `id` int(11) NOT NULL AUTO_INCREMENT, AUTO_INCREMENT=2;

--
-- AUTO_INCREMENT for table `dusun`
--
ALTER TABLE `dusun`
  MODIFY `id` int(11) NOT NULL AUTO_INCREMENT, AUTO_INCREMENT=7;

--
-- AUTO_INCREMENT for table `foto`
--
ALTER TABLE `foto`
  MODIFY `id` int(11) NOT NULL AUTO_INCREMENT, AUTO_INCREMENT=20;

--
-- AUTO_INCREMENT for table `harga_tingkat`
--
ALTER TABLE `harga_tingkat`
  MODIFY `id` int(11) NOT NULL AUTO_INCREMENT;

--
-- AUTO_INCREMENT for table `info`
--
ALTER TABLE `info`
  MODIFY `id` int(11) NOT NULL AUTO_INCREMENT, AUTO_INCREMENT=2;

--
-- AUTO_INCREMENT for table `kategori`
--
ALTER TABLE `kategori`
  MODIFY `id` int(11) NOT NULL AUTO_INCREMENT, AUTO_INCREMENT=27;

--
-- AUTO_INCREMENT for table `kategori_foto`
--
ALTER TABLE `kategori_foto`
  MODIFY `id` int(11) NOT NULL AUTO_INCREMENT, AUTO_INCREMENT=18;

--
-- AUTO_INCREMENT for table `kategori_info`
--
ALTER TABLE `kategori_info`
  MODIFY `id` int(11) NOT NULL AUTO_INCREMENT, AUTO_INCREMENT=8;

--
-- AUTO_INCREMENT for table `kategori_peta`
--
ALTER TABLE `kategori_peta`
  MODIFY `id` int(11) NOT NULL AUTO_INCREMENT, AUTO_INCREMENT=17;

--
-- AUTO_INCREMENT for table `link`
--
ALTER TABLE `link`
  MODIFY `id` int(11) NOT NULL AUTO_INCREMENT, AUTO_INCREMENT=21;

--
-- AUTO_INCREMENT for table `nilai`
--
ALTER TABLE `nilai`
  MODIFY `id` int(11) NOT NULL AUTO_INCREMENT, AUTO_INCREMENT=2119;

--
-- AUTO_INCREMENT for table `pajak`
--
ALTER TABLE `pajak`
  MODIFY `id` int(11) NOT NULL AUTO_INCREMENT, AUTO_INCREMENT=143;

--
-- AUTO_INCREMENT for table `pegawai`
--
ALTER TABLE `pegawai`
  MODIFY `id` int(11) NOT NULL AUTO_INCREMENT;

--
-- AUTO_INCREMENT for table `pengaduan`
--
ALTER TABLE `pengaduan`
  MODIFY `id` int(11) NOT NULL AUTO_INCREMENT, AUTO_INCREMENT=2;

--
-- AUTO_INCREMENT for table `pengumuman`
--
ALTER TABLE `pengumuman`
  MODIFY `id` int(11) NOT NULL AUTO_INCREMENT, AUTO_INCREMENT=30;

--
-- AUTO_INCREMENT for table `peta`
--
ALTER TABLE `peta`
  MODIFY `id` int(11) NOT NULL AUTO_INCREMENT, AUTO_INCREMENT=21;

--
-- AUTO_INCREMENT for table `poling`
--
ALTER TABLE `poling`
  MODIFY `id` int(11) NOT NULL AUTO_INCREMENT;

--
-- AUTO_INCREMENT for table `profil`
--
ALTER TABLE `profil`
  MODIFY `id` int(11) NOT NULL AUTO_INCREMENT, AUTO_INCREMENT=16;

--
-- AUTO_INCREMENT for table `profil_web`
--
ALTER TABLE `profil_web`
  MODIFY `id` int(11) NOT NULL AUTO_INCREMENT, AUTO_INCREMENT=3;

--
-- AUTO_INCREMENT for table `sambutan`
--
ALTER TABLE `sambutan`
  MODIFY `id` int(11) NOT NULL AUTO_INCREMENT, AUTO_INCREMENT=4;

--
-- AUTO_INCREMENT for table `slider`
--
ALTER TABLE `slider`
  MODIFY `id` int(11) NOT NULL AUTO_INCREMENT, AUTO_INCREMENT=13;

--
-- AUTO_INCREMENT for table `target`
--
ALTER TABLE `target`
  MODIFY `id` int(11) NOT NULL AUTO_INCREMENT, AUTO_INCREMENT=284;

--
-- AUTO_INCREMENT for table `tweb_cacat`
--
ALTER TABLE `tweb_cacat`
  MODIFY `id` int(10) UNSIGNED NOT NULL AUTO_INCREMENT, AUTO_INCREMENT=8;

--
-- AUTO_INCREMENT for table `tweb_cara_kb`
--
ALTER TABLE `tweb_cara_kb`
  MODIFY `id` tinyint(5) NOT NULL AUTO_INCREMENT, AUTO_INCREMENT=100;

--
-- AUTO_INCREMENT for table `tweb_desa_pamong`
--
ALTER TABLE `tweb_desa_pamong`
  MODIFY `pamong_id` int(5) NOT NULL AUTO_INCREMENT, AUTO_INCREMENT=27;

--
-- AUTO_INCREMENT for table `tweb_golongan_darah`
--
ALTER TABLE `tweb_golongan_darah`
  MODIFY `id` int(11) NOT NULL AUTO_INCREMENT, AUTO_INCREMENT=14;

--
-- AUTO_INCREMENT for table `tweb_keluarga`
--
ALTER TABLE `tweb_keluarga`
  MODIFY `id` int(10) NOT NULL AUTO_INCREMENT, AUTO_INCREMENT=39;

--
-- AUTO_INCREMENT for table `tweb_ktpel`
--
ALTER TABLE `tweb_ktpel`
  MODIFY `id` int(11) NOT NULL AUTO_INCREMENT, AUTO_INCREMENT=3;

--
-- AUTO_INCREMENT for table `tweb_penduduk_agama`
--
ALTER TABLE `tweb_penduduk_agama`
  MODIFY `id` int(10) UNSIGNED NOT NULL AUTO_INCREMENT, AUTO_INCREMENT=8;

--
-- AUTO_INCREMENT for table `tweb_penduduk_hubungan`
--
ALTER TABLE `tweb_penduduk_hubungan`
  MODIFY `id` int(10) NOT NULL AUTO_INCREMENT, AUTO_INCREMENT=12;

--
-- AUTO_INCREMENT for table `tweb_penduduk_kawin`
--
ALTER TABLE `tweb_penduduk_kawin`
  MODIFY `id` int(10) UNSIGNED NOT NULL AUTO_INCREMENT, AUTO_INCREMENT=5;

--
-- AUTO_INCREMENT for table `tweb_penduduk_pekerjaan`
--
ALTER TABLE `tweb_penduduk_pekerjaan`
  MODIFY `id` int(10) UNSIGNED NOT NULL AUTO_INCREMENT, AUTO_INCREMENT=90;

--
-- AUTO_INCREMENT for table `tweb_penduduk_pendidikan`
--
ALTER TABLE `tweb_penduduk_pendidikan`
  MODIFY `id` tinyint(3) NOT NULL AUTO_INCREMENT, AUTO_INCREMENT=19;

--
-- AUTO_INCREMENT for table `tweb_penduduk_pendidikan_kk`
--
ALTER TABLE `tweb_penduduk_pendidikan_kk`
  MODIFY `id` int(10) UNSIGNED NOT NULL AUTO_INCREMENT, AUTO_INCREMENT=11;

--
-- AUTO_INCREMENT for table `tweb_penduduk_sex`
--
ALTER TABLE `tweb_penduduk_sex`
  MODIFY `id` int(10) UNSIGNED NOT NULL AUTO_INCREMENT, AUTO_INCREMENT=3;

--
-- AUTO_INCREMENT for table `tweb_penduduk_status`
--
ALTER TABLE `tweb_penduduk_status`
  MODIFY `id` int(10) UNSIGNED NOT NULL AUTO_INCREMENT, AUTO_INCREMENT=4;

--
-- AUTO_INCREMENT for table `tweb_penduduk_umur`
--
ALTER TABLE `tweb_penduduk_umur`
  MODIFY `id` int(11) NOT NULL AUTO_INCREMENT, AUTO_INCREMENT=27;

--
-- AUTO_INCREMENT for table `tweb_penduduk_warganegara`
--
ALTER TABLE `tweb_penduduk_warganegara`
  MODIFY `id` int(10) UNSIGNED NOT NULL AUTO_INCREMENT, AUTO_INCREMENT=4;

--
-- AUTO_INCREMENT for table `tweb_rtm`
--
ALTER TABLE `tweb_rtm`
  MODIFY `id` int(11) NOT NULL AUTO_INCREMENT;

--
-- AUTO_INCREMENT for table `tweb_rtm_hubungan`
--
ALTER TABLE `tweb_rtm_hubungan`
  MODIFY `id` tinyint(4) NOT NULL AUTO_INCREMENT, AUTO_INCREMENT=3;

--
-- AUTO_INCREMENT for table `tweb_sakit_menahun`
--
ALTER TABLE `tweb_sakit_menahun`
  MODIFY `id` int(11) NOT NULL AUTO_INCREMENT, AUTO_INCREMENT=15;

--
-- AUTO_INCREMENT for table `tweb_status_dasar`
--
ALTER TABLE `tweb_status_dasar`
  MODIFY `id` int(10) UNSIGNED NOT NULL AUTO_INCREMENT, AUTO_INCREMENT=10;

--
-- AUTO_INCREMENT for table `tweb_status_ktp`
--
ALTER TABLE `tweb_status_ktp`
  MODIFY `id` tinyint(5) NOT NULL AUTO_INCREMENT, AUTO_INCREMENT=8;

--
-- AUTO_INCREMENT for table `tweb_surat_atribut`
--
ALTER TABLE `tweb_surat_atribut`
  MODIFY `id` int(11) NOT NULL AUTO_INCREMENT;

--
-- AUTO_INCREMENT for table `tweb_surat_format`
--
ALTER TABLE `tweb_surat_format`
  MODIFY `id` int(11) NOT NULL AUTO_INCREMENT, AUTO_INCREMENT=157;

--
-- AUTO_INCREMENT for table `tweb_wil_clusterdesa`
--
ALTER TABLE `tweb_wil_clusterdesa`
  MODIFY `id` int(11) NOT NULL AUTO_INCREMENT, AUTO_INCREMENT=44;

--
-- AUTO_INCREMENT for table `video`
--
ALTER TABLE `video`
  MODIFY `id` int(11) NOT NULL AUTO_INCREMENT, AUTO_INCREMENT=2;
COMMIT;

/*!40101 SET CHARACTER_SET_CLIENT=@OLD_CHARACTER_SET_CLIENT */;
/*!40101 SET CHARACTER_SET_RESULTS=@OLD_CHARACTER_SET_RESULTS */;
/*!40101 SET COLLATION_CONNECTION=@OLD_COLLATION_CONNECTION */;
